words,2021
aa,1
aaa,1
aah,3
aaliyah,5
aau,1
abandon,1
abandoned,2
abide,1
abigail,1
ability,1
abiola,1
able,9
aboard,2
abode,2
abort,2
absence,1
absentmindedly,1
absolute,2
absorbed,2
absurd,1
abuela,1
abuse,2
abused,1
abyss,1
ac,1
acaba,1
acabo,1
academy,1
acapulco,1
accent,2
accept,7
accepted,1
accident,4
accolade,1
accomplice,1
accord,2
account,7
accurate,1
ace,4
acen,1
acepto,1
ache,7
achieve,1
achieved,1
achilles,3
aching,4
achoo,2
acid,3
ack,2
acknowledge,1
acquired,1
acre,3
acrobat,2
across,11
act,54
acted,3
actin,29
acting,3
action,6
activate,1
active,1
activist,2
activity,1
actress,3
actually,7
acura,1
ad,1
adam,2
add,16
addams,1
adderall,4
addict,4
addicted,10
addiction,4
addin,2
address,6
addressin,1
addy,5
ade,1
adeola,1
adhd,1
adictiva,1
admire,2
admirin,1
admiring,1
admission,1
admit,16
admitted,1
admitting,1
adolescent,1
adopted,1
adoption,1
adorable,1
adore,7
adored,2
adpi,1
adrenaline,3
adriana,1
adrift,1
adu,2
adult,3
advance,5
advanced,1
advantage,2
adventure,2
adversary,1
advice,11
adviser,1
advocate,1
adwoa,1
aerobics,1
aeroplane,2
aesthetic,1
afar,4
affair,2
affection,3
affidavit,1
afford,13
afraid,28
african,1
afro,5
afterglow,1
afterlife,2
afternoon,3
age,14
aggression,1
aggy,1
agh,1
agin,1
aglow,3
ago,17
agony,1
agree,2
aguilera,1
ah,143
aha,2
ahaha,1
ahead,13
ahem,1
ahh,8
ahhh,2
ahold,1
ahora,2
ai,1
aid,2
aidan,1
aight,6
aim,8
aime,2
aimed,1
aimin,1
aiming,1
air,40
airbnb,1
airin,1
airlifted,1
airlined,1
airport,3
airspace,1
airtime,1
airwave,1
aisle,1
ak,5
aka,1
aki,2
al,2
alabama,2
alakazam,2
alan,2
alarm,2
albino,3
album,17
alcohol,4
alcoholic,1
aldean,1
alegria,2
alejandro,1
alert,3
alerting,1
alfredo,1
ali,2
alibi,2
alien,2
alienated,1
alight,3
aligned,2
alignment,1
alike,2
alive,40
alka,1
allah,1
allergic,2
alligator,1
allow,2
allowed,2
allows,2
allure,2
almighty,1
almost,30
alone,118
along,35
alpha,2
already,50
alright,53
also,3
altar,2
altercation,1
although,4
altitude,1
altogether,1
alway,2
always,169
alyx,1
amanecemo,1
amateur,1
amaze,1
amazed,1
amazement,1
amazin,2
amazing,14
ambition,1
ambitionless,2
ambulance,3
ambushed,1
amen,4
amends,1
amenity,2
america,2
american,1
amg,2
amidst,1
amiri,6
ammo,1
amongst,2
amor,3
amount,6
amoxicillin,1
amphetamine,2
amuse,1
amusement,2
amy,1
anaconda,1
ancestor,2
ancient,3
andale,1
andre,1
ands,1
andy,1
anemic,1
angel,34
angeles,1
angelic,1
anger,6
angie,1
angle,2
angry,6
animal,4
anitta,1
annihilated,1
anniversary,4
annoy,1
annoyin,2
annoying,5
annual,1
anointed,1
anonymous,4
another,91
anothеr,1
answer,18
answered,1
answerin,2
ante,1
antelope,1
antenna,1
antetokounmpo,1
anthem,3
anthill,1
anticipation,2
antidote,2
antoinette,1
antoje,1
antonio,1
anvil,1
anxie,1
anxiety,8
anxious,6
anybody,23
anymore,21
anyone,20
anythin,2
anything,33
anytime,6
anyway,17
anywhere,10
anywhеre,1
ap,8
apache,1
apart,21
apartment,4
apathy,2
ape,4
apocalypse,1
apollo,1
apologize,7
apologized,1
apology,3
app,4
appalled,1
appalling,1
apparent,1
appeal,4
appealing,1
appear,3
appearance,1
appearin,1
appelle,1
appetite,1
applaud,2
applauded,1
applaudin,2
applauding,1
applause,2
apple,7
applebee,2
applied,1
apply,3
applying,1
appoints,1
appreciate,4
apprehended,1
apprentice,2
approach,1
approval,2
approve,1
apron,2
aps,1
aquafina,2
aquamarine,2
aquella,2
aqui,1
arabian,1
arcade,1
arch,1
architectural,2
ard,1
area,5
arena,7
arf,1
argh,1
argue,6
argued,1
arguin,3
arguing,1
argument,4
ariana,2
arizona,1
arm,35
armani,1
armed,2
armor,3
armored,1
army,11
around,165
arouse,2
arr,1
arrange,1
arrangement,1
arrest,2
arrested,1
arrive,2
arrived,2
arrow,2
arse,2
art,9
article,2
articulate,1
artifact,1
artist,2
artistic,1
arе,2
as,1
ascending,2
ascot,1
ash,2
ashamed,4
ashley,1
ashton,1
asi,2
aside,5
ask,67
asked,27
askin,14
asking,15
asks,2
asleep,13
aspiration,1
assassin,1
assed,1
assembly,1
asset,2
asshole,3
assigned,1
assist,1
assistance,2
assistant,1
associate,1
association,2
assume,3
assumed,1
assumption,1
assured,4
aston,2
astonished,1
astro,1
astronaut,6
astronomical,1
atari,1
ate,6
atl,2
atlanta,8
atm,1
atmosphere,1
atom,3
atomique,2
attached,6
attachment,1
attack,11
attacked,1
attackin,3
attain,1
attention,21
attic,1
attila,1
attire,1
attitude,6
attorney,1
attraction,2
attracts,1
audemar,2
audemars,3
audi,1
audible,1
audience,2
audio,1
aunque,1
aunt,4
auntie,2
aunty,1
aura,2
austin,1
auto,1
autograph,1
automatic,7
autopilot,2
autumn,4
available,1
avalanche,1
ave,1
avenue,9
average,6
avoid,5
avoidin,4
avoiding,1
aw,6
await,1
awake,11
award,3
aware,6
awareness,1
away,169
awe,1
awful,3
awfully,1
awkward,4
awoke,1
axl,1
ay,6
ayayaa,2
aye,1
ayer,1
ayesha,1
ayo,9
ayy,125
azoff,1
azucar,1
ba,8
baba,3
babe,44
baby,305
babygirl,2
babylon,1
babе,1
baccarat,1
bach,1
back,323
backbend,1
backboard,1
backdoor,3
backed,1
backend,1
backends,1
backflips,1
background,2
backin,5
backpack,1
backroom,1
backseat,8
backstabbers,1
backstage,1
backup,3
backwards,3
backwood,4
backwoods,1
backyard,5
bad,121
bada,6
badass,3
badda,1
baddest,10
baddie,5
baddina,1
badman,1
badness,1
badonkadonk,1
bae,21
baes,1
bag,62
bagg,1
baggage,4
bagging,1
baghi,2
baguette,6
baguetties,1
baguetty,1
baguеttes,1
bah,10
bail,5
baila,1
bailiff,2
bait,3
bake,1
bakery,1
bakin,2
baking,1
balance,2
balancin,1
balboa,1
balcony,2
bald,3
baldheaded,1
balenciaga,2
bali,1
ball,44
balled,1
baller,1
ballerina,2
ballin,6
balling,1
ballistic,1
balloon,2
ballsy,1
bam,1
bama,1
bamboo,1
banana,2
band,38
bandana,2
bandemic,2
bandit,1
bando,5
bane,1
bang,16
banged,4
banger,2
bangin,3
bank,15
banker,1
bankin,1
bankroll,2
banned,1
bano,1
banrisk,1
bants,1
baow,10
bap,4
baptized,1
bar,19
barbecue,3
barber,2
barbie,1
barclays,1
bardi,1
bare,4
barefoot,3
barely,21
bargain,3
bark,1
barker,2
barkin,1
barley,1
barney,4
barneys,1
barrel,1
barrier,1
bart,1
bartender,1
base,5
baseball,2
based,4
baseline,1
basement,7
bash,3
basic,1
basically,3
basing,2
basis,2
bask,1
basket,1
basketball,1
bass,12
bassmasters,1
bastard,5
bat,2
batcave,1
batch,1
bath,3
bathin,1
bathroom,6
bathtub,2
batman,1
baton,7
batted,1
batter,3
battered,1
battery,1
battle,7
battlerap,2
battlin,1
battling,1
batty,1
baudelaire,3
bay,4
bazaar,1
bb,1
beach,14
beachwood,1
beacon,2
beak,1
beaked,1
beam,8
beamin,3
bean,1
bear,6
beard,5
beareth,1
bearing,1
beast,4
beat,70
beatin,5
beating,10
beatriz,1
beautiful,33
beauty,7
bebe,2
beber,1
became,6
becausе,3
beckoning,1
beckons,2
becky,1
become,8
becomes,1
becoming,2
bed,57
bedroom,11
bedsheets,2
bee,2
beef,13
beefin,6
beep,4
beer,3
beforе,1
befriended,1
beg,8
began,3
begged,2
beggin,9
begging,6
begin,22
beginnin,3
beginning,9
begun,7
behalf,1
behave,1
behaves,1
behavior,1
behind,56
behold,2
bein,34
beirut,1
bel,3
belated,2
belief,3
believe,91
believed,8
believer,8
believin,1
believing,4
believе,2
bell,19
bellag,1
belling,1
bello,1
belly,4
belong,17
belonged,5
belongs,3
beloved,1
belt,10
ben,2
bench,2
bend,9
bending,1
beneath,6
benedict,1
beneficent,2
beneficial,2
benefit,3
benign,1
benjamin,1
benny,1
bent,6
bentayga,1
bentley,14
benz,16
benzo,2
beretta,1
berettas,1
bergdorf,1
bernie,1
berretta,1
berry,1
berserk,3
beside,7
besides,2
besidе,1
beso,1
besos,2
best,103
bestest,2
bestie,5
bet,37
beth,1
betray,1
betrayal,1
betrayed,1
betrothed,1
better,175
betterin,1
bettin,2
betty,1
beverage,2
beware,2
bewildered,1
beyonce,2
beyond,9
bezel,4
bezos,2
bghaw,2
bhal,2
bia,1
bible,7
bickery,1
bicoastal,1
bid,2
bieber,5
bien,1
big,110
bigger,14
biggest,15
biggie,1
bih,4
bike,3
bikini,2
bilingual,1
bill,11
billboard,1
billi,1
billie,2
billion,3
billionaire,3
billis,1
billy,4
bimmer,1
bin,1
bing,3
bird,17
birdseye,1
birk,1
birkin,13
birkins,3
birth,4
birthday,11
biscotti,1
biscuit,1
bit,30
bitch,192
bitcoin,1
bite,20
bitten,1
bitter,3
bittersweet,6
bitty,3
bittеrsweet,1
biza,1
bizkit,1
bizzles,1
bizzy,1
bla,3
blab,1
blabba,1
black,54
blackbear,1
blackberry,2
blacked,5
blackjack,1
blackout,1
blackpink,2
blade,3
blame,21
blamin,1
blank,2
blanket,2
blaq,1
blast,7
blasted,2
blastin,6
blasting,1
blat,1
blatt,7
blazin,2
bleach,1
bleacher,3
bleak,1
bled,1
bleed,12
bleedin,5
bleeding,6
bleeds,4
blend,2
bless,6
blessed,13
blessin,2
blessing,12
blew,12
blick,4
blickies,1
blicks,1
blicky,3
blind,11
blinded,2
blinding,1
bling,1
blink,8
blinkin,1
bliss,6
blitz,2
blizzard,1
block,57
blockbuster,1
blocked,8
blockin,2
blog,4
blond,1
blonde,4
blood,28
blooded,1
bloodshot,1
bloody,6
bloomer,2
blossom,4
blouse,2
blow,32
blowin,13
blowing,2
blown,1
blrrrd,1
blue,60
blueberry,1
bluebird,1
bluefin,1
bluegrass,1
bluff,3
bluffin,1
blunt,8
blunts,4
blur,2
blurred,1
blurry,2
blurryface,1
blushin,1
blushing,1
bm,1
bmf,1
bmw,2
bmx,1
bmxing,1
bnb,1
bo,3
board,2
boardwalk,1
boast,1
boat,12
boated,1
boating,1
boaw,1
bob,3
bobby,6
bobos,2
bobsled,1
bodega,1
bodied,1
body,105
bodyguard,2
boeing,1
bogus,1
boi,2
boil,1
bola,1
bold,6
bolder,2
bolsa,1
bolt,2
bomb,9
bombaclaat,1
bombe,2
bomboclaat,1
bon,1
bonafide,1
bond,3
bonded,1
bone,16
bonet,2
bong,2
bonita,1
bonnaroo,1
bonnie,1
boo,13
boob,1
booby,1
boof,1
boofin,1
booger,2
boogie,4
book,14
booked,4
bookin,1
booking,1
bool,1
boolies,1
boolin,1
boom,25
booman,1
boombox,1
boomer,2
boomin,2
boonie,1
boosie,1
boost,3
boot,10
bootch,1
booth,6
bootsy,1
booty,6
booze,2
boozed,1
bop,5
boppers,1
bordeaux,2
border,1
bore,2
bored,11
boricuas,1
borin,1
boring,2
born,22
borrow,3
borrowed,3
bos,20
bosom,1
bossed,2
bossing,1
bossy,2
botanic,1
bother,7
botherin,1
bottega,2
bottle,25
bottled,1
bottling,1
bottom,20
bough,1
bought,53
bougie,4
boulder,1
bounce,9
bounced,1
bouncing,2
bound,10
boundary,1
bounded,1
bouquet,1
bourbon,3
bout,156
bow,18
bowed,2
bowl,2
box,13
boxed,2
boxin,1
boy,135
boycott,1
boyfriend,9
br,2
bra,1
brabus,1
bracelet,1
bracket,1
brad,1
brady,1
brag,5
braggin,3
braid,1
braille,1
brain,30
brainless,1
brainstormin,2
brake,2
branch,1
brand,30
branded,1
brass,1
bratt,2
bratty,2
braun,2
bravado,1
brave,8
bravery,1
brawl,1
brazy,1
bread,12
break,86
breakdown,1
breaker,3
breakfast,8
breakin,10
breaking,11
breakthrough,2
breast,3
breath,21
breathe,30
breathed,1
breathes,1
breathin,5
breathing,4
breathless,2
breathе,1
breed,2
breesh,1
breeze,2
brenda,1
brentwood,2
bret,1
brian,1
brick,13
bride,3
bridge,13
brief,2
bright,23
brighter,2
brightly,1
brightside,1
brillar,1
brim,1
bring,73
bringin,8
bringing,5
brings,8
brink,2
britches,2
britney,2
brittle,1
bro,30
broad,7
broadway,4
brodie,3
brodies,1
brody,1
broke,52
broken,40
brokie,1
brokе,1
brolic,1
bron,1
bronco,1
bronx,1
brooklyn,3
broomstick,1
bros,7
brother,35
brought,25
brown,12
brownin,1
browning,1
brr,14
brrah,4
brrr,1
brrrah,1
brrt,9
bruce,2
bruh,1
bruise,6
bruised,2
bruk,1
brulee,1
brunch,2
bruno,1
brunt,1
brush,4
brushed,1
brutal,1
bts,1
bubba,1
bubble,7
bubblegum,4
bubblin,2
bubbly,1
buck,12
bucket,3
buckle,4
buckled,1
bud,1
buddakan,2
buddy,4
budge,1
budget,3
buena,1
buenas,1
buffett,1
bug,3
bugatti,2
buggin,3
buggy,1
buh,1
build,10
buildin,7
building,4
built,15
bull,1
bulldog,1
bullet,11
bulletproof,6
bullpen,1
bullseye,2
bullshit,8
bully,1
bum,10
bumblebee,1
bummed,1
bummer,5
bump,2
bumper,2
bumpin,5
bun,1
bunch,6
bunda,1
bundle,1
bunk,2
bunny,4
bunnyhop,4
burberry,3
burbs,2
burden,3
burger,1
burgundy,2
buried,6
burn,26
burned,9
burner,1
burnin,14
burning,6
burnt,6
burp,1
burst,4
bursting,1
bury,10
bus,9
buscando,1
buscarte,1
buscas,1
bush,4
bushel,1
busiest,2
business,22
businezz,1
bussin,7
bust,17
busted,1
bustin,5
busting,1
bustling,1
busy,17
butler,1
buts,2
butt,9
butter,7
butterfly,12
button,10
buttoned,1
buy,35
buyin,3
buying,1
buzz,4
buzzed,3
buzzin,2
buzzsaw,1
bwoy,1
bye,8
bygone,2
bе,11
bеautiful,2
bеhind,1
bеst,2
bеtter,2
cab,3
cabeza,1
cable,2
cabo,1
cactis,1
cactus,2
cadillac,2
caesar,3
cafe,2
cage,11
cah,2
caic,2
caiga,1
cake,13
cakewalk,1
cakin,1
cal,1
calacatta,1
calamari,1
calamity,1
calculated,1
calculatin,1
calendar,1
cali,7
caliber,1
caliente,1
california,4
calipari,2
call,187
callan,1
called,33
callin,24
calling,15
calm,6
calmed,2
calming,2
calmly,2
cam,2
cama,2
camden,1
came,94
camel,1
camera,8
camo,1
camp,1
campfire,2
camry,1
camrys,1
camе,3
camеra,1
canada,2
cancel,5
canceled,2
cancellin,1
cancelling,1
cancer,2
candidate,1
candidly,1
candle,8
candlelight,4
candy,15
cane,2
canine,1
cannes,1
cannibal,1
cannonball,2
cannot,29
canopy,1
cansada,1
canta,1
cantaloupe,1
canvas,1
canyon,1
cap,23
capalotty,2
cape,2
caper,1
capital,2
capitalist,2
capitol,2
capper,1
cappin,8
capri,2
capsule,1
captain,2
caption,2
captivate,1
capture,4
car,85
caramel,1
carat,4
carbon,1
card,15
cardi,1
cardiac,1
cardinal,1
cardio,1
care,65
cared,5
career,8
careful,3
carefully,2
careless,1
caress,2
cargo,1
caricias,2
carin,2
caring,1
carlo,2
carly,1
carni,1
carnival,1
carnivore,1
carol,4
caroler,1
carolina,1
caroling,3
carpet,1
carrera,1
carri,1
carriage,1
carried,2
carro,1
carrot,1
carry,21
carryin,3
carrying,1
carson,1
cartelers,1
carter,1
cartera,1
carti,5
cartier,8
cartwright,1
caruso,1
carve,3
casamigos,2
casanova,2
case,21
cash,28
cashed,2
cashier,1
cashmere,1
cashmoney,1
cashmoneyap,1
casket,3
casper,1
cast,3
castaway,1
castillo,2
castin,1
castle,1
castro,2
casually,2
cat,17
catastrophe,3
catch,63
catcher,1
catchin,4
catching,4
catchy,4
category,1
cater,2
catered,2
caterpillar,2
catfish,2
cattle,1
catty,2
caught,45
causado,1
cause,420
caused,3
causе,4
cautious,7
cave,7
cavin,1
caving,2
cayendo,1
cc,3
cctv,1
cd,3
ced,1
cee,1
ceilin,7
ceiling,15
celebrant,1
celebrate,8
celebrated,1
celebratin,1
celebrating,2
celebration,3
celebrity,4
celine,5
cell,9
cellar,1
cellphone,2
cellular,4
celly,4
cellys,1
cemetery,1
censor,1
census,2
cent,4
center,1
centered,1
centerfold,1
centerpiece,1
central,1
centre,2
ceo,5
cept,3
cerberus,1
cerca,1
cereal,2
certain,17
certified,3
cervix,1
cetera,1
ch,2
cha,4
chafek,2
chaim,1
chain,38
chainsaw,1
chainz,1
chair,7
chalk,2
chalkin,1
challenge,2
challenged,2
chamberlain,1
champ,1
champagne,12
champion,4
championship,2
chance,44
chandelier,3
chane,2
chanel,9
change,88
changed,34
changin,8
changing,8
channel,6
channeled,2
chaos,1
chapter,3
charge,9
charged,1
chariot,1
charles,1
charli,1
charlotte,3
charm,1
charmin,2
charming,1
chart,7
charter,1
chartered,1
chase,12
chaser,2
chasin,15
chasing,8
chat,5
chattahoochee,1
chattin,2
chatty,2
chauffeur,1
chauffeured,1
chauvinistic,1
che,1
chea,1
cheap,13
cheapest,3
cheapskate,1
cheat,5
cheater,1
cheatin,3
cheating,1
check,55
checked,5
checkin,10
checking,4
checklist,1
checkmate,3
cheddar,6
chee,1
cheek,19
cheer,9
cheerlead,1
cheese,7
cheesecake,1
cheesin,1
cheeto,1
cheetos,1
chef,3
chella,1
chemistry,4
chemtrails,2
cheney,1
cher,1
cherish,3
cherry,4
chess,2
chest,23
chestnut,2
chetrit,1
chevy,3
chew,5
chewed,1
chewin,3
chi,3
chic,1
chica,1
chicago,3
chicanas,1
chick,11
chicka,1
chicken,5
chickened,1
chico,2
chief,2
child,38
childhood,1
childish,1
chill,13
chiller,1
chillin,8
chilling,4
chilly,2
chime,1
chimney,5
chin,4
china,2
chinese,1
ching,4
chinging,1
chink,1
chip,7
chipped,1
chiropract,1
chit,1
chk,1
chnou,2
cho,4
chock,1
chocolate,5
choice,12
choir,4
choke,8
chokehold,2
choker,4
chokin,7
choking,1
cholos,1
choo,1
choose,26
choosin,4
choosy,2
chop,9
choppa,5
choppas,1
chopped,1
chopper,13
chopsquad,1
chopstick,1
chord,3
chorus,6
chose,9
chosen,10
chris,5
christ,6
christian,3
christianity,1
christina,2
christmas,40
christmastime,1
chrome,4
chubbs,3
chubby,1
chuck,7
chug,1
chulo,1
chunky,1
church,12
chyeah,2
chеcks,1
cien,2
cierra,1
cierro,1
cigar,2
cigarette,4
cinderella,4
cinema,2
cinematic,1
cinnamon,1
circle,17
circled,1
circling,1
circuiting,2
circulation,1
circumstance,3
circus,2
cita,1
citizen,2
city,72
cj,2
claim,12
claimed,1
clan,1
clang,2
clangin,2
clank,1
clap,6
clapped,2
clapper,1
clappin,5
clapton,1
clarity,1
claro,1
clash,2
class,18
classic,5
classmate,1
classy,2
claus,6
claustrophobia,1
claw,1
clay,1
clean,30
cleaned,1
cleaner,3
cleanest,1
cleanin,3
cleanse,2
clear,17
cleared,4
clearing,1
clearly,7
cleat,3
cleavage,1
clever,3
click,3
clickbait,1
clicked,1
clickin,2
clientele,1
cliff,3
climate,2
climax,2
climb,3
climbin,3
climbing,1
cling,3
clink,2
clinton,2
clip,12
clippin,1
clique,6
clit,1
clitoris,2
clock,10
close,80
closeable,1
closed,11
closely,1
closer,21
closest,4
closet,6
closin,2
closing,2
closure,1
clothes,27
clothin,1
clothing,2
cloud,30
cloudin,1
cloudy,3
clout,8
clouted,1
clover,1
clown,7
clowned,2
clownin,1
club,34
clue,7
clueless,3
clutch,1
clutchin,2
cmb,1
co,7
coach,3
coachella,4
coal,1
coast,4
coaster,1
coat,9
cobbler,1
cobra,2
coca,2
cocaine,7
coche,1
cochise,1
cock,6
cocked,2
cockiness,1
cocking,1
cockpit,1
cocky,1
coco,2
cocoa,1
cocoon,1
code,6
codeine,6
codependent,1
coffee,11
coffin,2
cog,1
coin,2
coke,6
coko,1
cola,4
cold,73
colder,6
coldest,6
coldness,1
cole,4
colla,1
collab,1
collapse,1
collar,2
collect,2
collectin,3
collection,2
college,8
collide,3
collidin,1
colmo,1
cologne,2
colombianas,1
color,10
colorado,2
colored,5
colour,7
column,1
com,1
comb,2
combaa,2
combative,1
combination,1
combined,1
come,298
comedy,1
comet,2
comfort,8
comfortable,9
comfortably,1
comfy,3
comical,1
comin,66
coming,44
comma,6
command,2
comment,9
commentary,1
commentin,1
commercial,1
commit,1
commitment,2
committed,3
committin,1
common,2
commotion,1
communicate,2
communication,2
communion,2
community,2
como,6
comp,2
company,16
comparable,1
compare,2
compared,2
comparin,3
comparing,1
comparison,1
compete,2
competition,3
competitor,1
complacency,1
complacent,2
complain,2
complaint,1
completely,4
complexion,1
complicated,4
complicating,1
compliment,3
component,1
compose,2
composure,3
compound,1
comprehend,1
compressor,2
compromise,2
compton,2
computer,2
comunidad,1
con,7
concealer,1
conceited,2
concentrate,1
concept,2
concerned,1
concierge,1
concrete,2
condition,4
conditioned,1
conditioning,1
condo,3
cone,1
conectando,1
conference,1
confess,2
confessed,2
confessin,1
confessing,2
confession,2
confetti,2
confiable,1
confide,1
confidence,5
confident,2
confirmed,2
conflict,1
confuse,2
confused,11
confusin,1
confusing,1
confusion,1
congratulation,1
connect,4
connected,3
connection,9
connects,1
connoisseur,1
conocen,1
conquered,1
conscious,1
consequence,1
consider,2
considerate,1
consistency,1
conspire,1
constant,4
constantly,5
constellation,2
consume,1
consumed,1
consumer,2
contact,2
contagious,3
contain,2
contained,1
contemplating,2
content,3
contest,1
context,1
continue,3
contortionist,1
contract,8
contradicting,1
control,47
controlled,1
controllin,2
controlling,2
controversy,1
convenciste,1
conversation,19
convertible,2
convict,1
convince,4
convinced,3
convoy,1
coo,2
coochie,3
cook,5
cookie,6
cookin,10
cool,54
coolant,1
cooler,5
coolin,3
cooling,1
coon,1
coop,1
cop,18
cope,4
copenhagen,1
copiar,1
copped,9
copper,2
coppin,1
copy,5
coral,1
corbyn,2
cordially,1
corduroy,1
core,1
coretta,2
cork,1
corn,4
corncob,1
corner,10
corny,2
coroner,1
corp,1
corporate,1
corpse,4
correct,3
corrected,1
correction,1
correspondin,2
corridos,1
corrupt,1
corrupted,1
corte,1
corvette,1
cosas,2
cosby,2
cosine도,1
cosmetic,3
cosmos,1
cost,19
costing,1
costly,1
costner,2
costumbre,1
cotton,2
couch,8
cougar,2
cough,1
could,274
coulda,7
council,2
count,28
counted,2
counter,7
countin,16
counting,6
country,13
county,5
coupe,16
couple,54
coupе,1
courage,2
course,8
court,6
courtesy,1
courtroom,1
courtside,1
courtyard,1
courvoisier,1
cousin,9
cove,2
cover,22
covered,3
covid,1
coward,3
cowboy,3
cozy,1
crack,16
cracked,1
cracker,1
crackin,3
craft,3
craig,2
craigslist,2
crank,2
crap,1
crash,11
crashin,1
crashing,1
crave,5
cravin,3
crawl,3
crawlin,1
crawling,2
cray,4
crazy,80
cream,10
crease,1
create,6
created,5
creating,1
creation,1
creative,1
creator,1
creature,1
cred,1
credit,7
creek,1
creep,13
creeped,1
creepin,8
creeping,2
cremated,2
crept,2
crestfallen,1
crevice,1
crew,7
crib,34
cried,12
crime,11
criminal,10
crip,2
cripper,1
crippled,1
crips,2
crisco,1
crisis,1
crisp,1
crispy,1
cristhian,1
critic,6
critical,4
criticized,2
croak,2
croaked,1
croatia,2
crocodile,2
croissant,1
crop,1
cropped,2
cross,29
crossbody,1
crossed,10
crosshairs,1
crossin,1
crossing,1
crossword,1
crotch,1
crouton,2
crowd,19
crowded,6
crown,14
crucify,1
crud,1
cruel,8
cruise,2
cruisin,2
cruising,1
crumb,4
crumble,3
crumbled,1
crumpled,2
crunch,1
crush,4
crushin,7
crushing,1
crust,1
crutch,3
cry,81
crybaby,1
cryin,15
cryotherapy,2
cryptic,1
crystal,4
cuando,4
cub,1
cuban,4
cube,1
cubic,1
cubicle,1
cuckoo,1
cuddle,5
cuddled,1
cuddlin,2
cuddling,1
cudi,1
cuerpo,2
cuffin,1
cuisse,2
cujo,1
cullinan,8
culo,1
culture,2
cum,9
cunnilingus,1
cunt,1
cup,29
cupid,3
curb,2
cure,2
curious,4
curl,2
curly,2
currency,1
current,3
currently,1
curse,5
cursed,1
cursing,1
cursive,2
curtain,6
curtained,1
curve,10
curvin,5
cusp,1
cuss,2
cussin,1
custody,2
custom,2
cut,50
cute,11
cuter,2
cutest,1
cutie,2
cutlas,1
cutta,1
cuttin,3
cuz,2
cv,2
cyaan,1
cyar,1
cycle,2
cynical,1
cеrca,1
da,26
dab,1
dababy,2
dabble,2
dad,22
dada,1
daddy,35
daeh,1
daemen,1
daffodil,1
daffy,1
dagger,2
dah,2
daily,5
daisy,4
daiya,1
dale,1
dallas,2
daly,1
damage,5
damaged,2
dame,1
damelo,1
damien,2
dammit,1
damn,79
damned,5
damsel,1
dance,63
danced,5
dancehall,1
dancer,2
dancin,25
dancing,32
dandelion,1
dane,1
danger,4
dangerous,16
dangly,1
daniel,2
danity,1
dano,1
dare,18
dargy,1
dark,63
darkembed,1
darken,1
darker,2
darkest,4
darkness,9
darlin,8
darling,20
dasani,1
dash,7
dashboard,2
dashin,1
dat,2
data,1
date,11
dated,6
dateline,1
datin,1
dating,3
daughter,19
daunting,1
dave,4
david,5
davis,2
dawg,20
dawgs,5
dawn,10
day,234
dayday,1
daydream,5
daylight,5
daytime,1
daytona,3
daytrip,7
daze,1
dazsin,1
ddu,1
de,9
deacon,1
dead,51
deadbeat,1
deaded,2
deadliest,1
deadline,1
deadly,1
deaf,1
deafening,1
deal,23
dealer,6
dealership,1
dealin,4
dear,13
dearest,1
dearly,3
death,26
deathless,1
debate,4
debatin,2
debating,3
debbie,1
debt,4
debty,2
decade,3
decaf,1
decale,2
deceased,2
deceive,2
deceived,1
deceiver,1
deceivin,2
deceiving,2
december,8
decency,1
decent,2
decibel,1
decide,8
decided,1
decidedly,1
decides,4
decido,1
decimal,1
decimate,1
decision,8
deck,5
declare,1
decoded,1
decorated,1
decoration,3
decoy,1
dedicated,3
dee,2
deed,2
deep,67
deeper,4
deepest,5
deeply,2
deepеst,1
deer,3
def,1
defeat,5
defeated,5
defend,2
defended,1
defending,1
defense,5
defensive,3
define,2
definitely,3
deflate,4
deflated,1
degree,2
deh,2
dei,1
deion,1
deja,3
dejame,1
dejate,1
dejo,1
del,1
delete,5
deleted,2
deli,1
delicate,3
delicious,3
delight,2
delighted,1
delightful,2
delilah,1
deliver,2
delivered,2
deliverin,2
delusional,1
dem,5
demais,1
demand,5
demanded,1
demandin,2
demar,1
demasia,1
demeanor,3
demeanour,1
demi,1
demise,1
demo,1
demolishing,1
demon,35
demonized,1
den,1
denial,5
denied,3
denim,3
dennis,1
denominator,1
dent,1
dentist,2
dentro,2
deny,8
depart,1
departed,1
depend,3
dependent,2
dependin,1
depends,3
deposit,7
depressed,4
depressing,1
depression,3
depth,2
deranged,2
derivative,1
derozan,1
derulo,2
descent,1
describe,4
description,1
desert,2
deserve,22
deserved,2
deserves,3
desi,2
design,2
designed,2
designer,6
designing,1
desire,2
despair,1
desperado,1
desperate,2
desperation,1
despise,1
despised,1
despite,1
despue,1
dessert,2
destination,3
destined,2
destiny,1
destroy,2
destroyed,1
destruction,2
destructive,1
detach,1
detached,2
detail,2
detained,1
detective,1
detergent,1
detoured,1
deuce,8
deucе,1
device,2
devil,38
devilman,1
devotion,2
devour,1
devout,1
dew,1
dey,4
di,5
dia,3
diabetic,1
dial,1
dialogue,1
diamond,48
diary,2
dibble,1
dice,11
dicen,2
dichotomy,1
dick,42
dickstraction,2
dictionary,1
diddy,3
die,71
died,18
diet,5
difference,11
different,66
differently,3
difficult,5
diffеrent,1
dificil,1
dig,9
diga,2
diganme,1
digest,4
diggin,4
digging,3
diggity,2
digi,1
digit,3
digital,2
dignity,1
digo,1
digress,1
dijo,1
dilated,1
dilemma,1
diligent,2
diluted,1
dim,3
dime,11
dimelo,4
dimension,1
dimin,1
diminishin,1
dimming,1
din,1
dine,1
dinero,4
ding,3
dinner,8
dinosaur,2
dio,1
dior,9
diorama,1
dios,1
dip,12
diploma,1
dipped,2
dippin,3
direct,1
directed,1
direction,5
director,1
diria,1
dirt,9
dirtied,1
dirty,12
dirtyin,1
dis,9
disability,1
disappear,14
disappeared,5
disappearing,1
disappears,2
disappointed,3
disappointment,1
disapproval,2
disaster,2
disbelief,3
disc,2
discarded,1
disciple,3
discipline,2
disco,5
disconnected,2
discotheque,1
discouraged,1
discovered,3
discovering,1
discovery,1
discreet,1
discus,3
discussin,2
discussion,3
disgruntled,1
disguise,6
disguised,1
disgusting,2
dish,3
disheartened,1
disjointed,1
dislocated,1
disloyal,1
disloyalty,1
dismantle,1
dismissed,1
dismissin,1
dismissive,1
disobey,1
displaced,1
disposition,2
disrespect,4
disrespectin,2
disrespecting,1
dissin,2
distance,12
distant,1
distaste,1
distract,4
distracted,2
distraction,3
distress,2
disеase,1
ditch,2
diva,2
dive,9
dived,1
divide,2
dividend,1
dividing,1
divine,4
division,1
divorce,1
divorced,1
divulging,1
dixieland,2
diy,2
dizzy,3
dj,11
dm,7
dmac,2
dmx,1
dnd,1
doa,1
dockin,1
doctor,4
dodge,4
dodged,4
dodger,1
dodgin,4
dodging,1
doe,2
dog,27
doge,1
doggin,1
doggystyle,1
dogwood,1
doheny,3
doi,1
doin,78
doings,1
doj,2
doja,1
doley,1
doll,4
dolla,5
dollar,33
dollas,1
dolo,2
dom,2
domain,1
domestic,1
domingo,2
dominicanas,1
domino,4
donated,1
donation,1
donda,5
donde,1
done,112
dong,3
donnie,1
donny,1
dont,1
donut,3
doo,5
doobie,2
doobies,1
doolie,1
doom,2
doomed,1
doomsday,3
door,83
doorstep,1
doorway,1
doot,1
dope,18
dora,2
dorm,1
dormant,1
dose,1
dot,7
double,34
doublemint,2
doubletree,1
doubt,11
doubted,1
douchе,1
dough,4
dove,1
dover,2
dovey,1
downfall,3
downing,2
download,1
downstairs,2
downtime,2
downtown,5
doze,1
dozen,3
dr,1
drac,6
draco,7
dracs,1
dracula,1
drag,10
dragon,1
drain,1
drainin,2
draining,2
drake,8
drama,12
dramatic,7
drank,7
drankin,2
drastic,1
draw,5
drawer,4
drawin,1
drawn,1
drayaface,1
dre,2
dread,4
dreadlock,1
dream,100
dreamed,4
dreamer,2
dreamin,8
dreaming,18
dreamsembed,1
dreamt,1
dreamville,3
dreamy,1
dress,28
dressed,6
dresser,1
dressin,2
drew,5
dribble,1
dried,1
drift,1
driftin,1
drill,8
drilling,1
drilly,1
drink,44
drinker,1
drinkin,10
drinking,5
drip,16
dripper,1
drippin,12
dripping,3
drive,47
driven,1
driver,6
driveway,2
drivin,12
driving,10
drizzy,10
drocer,2
drone,1
droolin,1
drop,58
dropout,1
dropped,19
droppin,15
droppy,1
drought,6
drove,3
drown,18
drownin,5
drowning,10
drowns,1
drug,30
drum,21
drummin,2
drunk,27
drunken,1
dry,15
drying,2
du,2
dub,9
dubai,3
dublin,1
ducati,2
duchess,1
duck,6
ducked,1
duckin,5
dude,14
due,2
duffel,2
duffle,2
dug,2
duh,5
duke,2
dum,1
dumb,31
dummy,5
dump,3
dumper,2
dumpin,1
dumping,2
dun,2
dungaroos,1
duo,1
duplex,2
dura,1
durag,1
durb,1
durel,2
durk,3
durkio,2
durst,1
dust,12
dustin,1
dusty,2
dutch,1
duty,1
dwayne,1
dwell,1
dy,6
dye,3
dyin,15
dying,8
dylan,1
dyn,2
dynamic,1
dynamite,2
dysfunctional,2
dеfend,1
dеserve,1
ea,3
eager,1
eagle,3
eah,3
ear,21
eardrum,1
earl,2
earlobe,3
early,15
earn,1
earned,4
earnings,1
earring,3
earth,26
earthling,1
earthly,2
earthquake,7
ease,7
easier,3
easiest,1
easily,8
east,7
easter,1
eastern,2
easy,34
eat,41
eaten,1
eater,1
eatin,10
eating,7
ebbin,1
ebony,1
eccentric,1
echo,3
echoed,1
eclipse,2
ecstasy,2
ed,6
edamame,2
edd,1
edded,1
eden,1
edge,14
edition,1
educate,1
educated,3
ee,2
eee,1
eeeh,1
eenie,1
effect,1
efficient,1
effort,1
effortless,1
egg,1
ego,10
eh,13
ehm,1
eht,1
eight,22
eighteen,3
eighth,2
eighty,8
einstein,1
either,11
ekil,2
el,11
elastic,2
elder,1
elec,2
electra,1
electric,16
electricity,3
electrified,1
elegante,1
elementary,3
elephant,5
elevate,4
elevator,1
eleven,4
eleventh,1
eliantte,1
eliminate,1
ella,1
elli,1
ellie,1
elliot,1
elohim,2
elope,1
else,70
elsewhere,1
elton,3
elvis,2
em,166
embarrass,1
embarrassed,5
embarrassin,1
embarrassing,3
embed,7
ember,3
embrace,6
embraced,1
embracin,2
emerald,3
emerge,1
emilio,1
eminem,2
emirati,1
emkay,1
emo,1
emoji,2
emojis,1
emotion,20
emotional,3
emotionally,1
empire,1
employ,1
employed,1
emptiness,1
empty,28
emts,2
emеrgency,1
en,7
enabled,1
enact,1
encanta,1
enchanted,1
enchanting,1
encore,1
encounter,1
encourage,1
encouragеment,1
end,124
endearing,1
endeavor,1
ended,6
endin,5
ending,14
endless,1
endlessly,1
endurance,1
enemy,12
energized,1
energy,27
enese,1
engine,6
english,2
enhancin,1
enjoy,5
enjoyed,1
enlightened,1
enlisting,1
enojen,1
enough,70
entangled,1
entendre,3
enter,7
entered,1
entering,1
entertain,4
entertainer,1
entertainment,3
entirely,1
entitled,1
entrance,1
entranced,1
entrepreneur,1
entry,1
envelope,1
environment,3
envisioning,2
enviyon,1
envy,4
ep,1
epitome,1
equal,2
equipped,2
equity,1
equivalent,1
era,1
erase,4
eraser,1
erasin,1
erasing,1
erection,2
erfo,2
eric,2
err,2
erre,1
error,1
ertugrul,2
esa,1
escape,13
escapin,2
escaping,1
escrow,1
escucho,1
eskimo,2
eso,2
espalda,2
espanol,1
especially,5
esquire,1
essaye,2
essence,1
est,2
esta,3
estamos,1
estar,1
estas,5
estate,1
este,1
estes,1
esto,1
estoy,1
estranged,1
estrella,1
et,1
eternal,1
eternity,1
ether,1
ethika,1
eu,1
eugh,2
europe,1
ev,2
evade,1
evangelize,1
eve,4
even,212
evenin,4
evening,6
event,4
eventually,6
ever,157
evergreen,3
every,222
everybody,65
everyday,2
everyone,45
everythin,3
everything,169
everytime,2
everywhere,17
evicted,1
eviction,1
evidence,2
evident,2
evidentially,1
evidently,2
evil,9
evolve,1
evolvin,1
evolving,1
evеn,2
evеrything,2
ew,6
ewedihalehu,1
ex,24
exactly,10
exaggerate,1
exam,1
excellence,1
except,4
exception,2
exchanging,1
excited,5
excites,1
exciting,5
exclamation,1
exclusively,1
excursion,2
excusa,1
excuse,1
exed,1
exfoliate,1
exhale,4
exhausted,6
exhausting,3
exile,1
exist,2
existence,1
exit,5
exotic,6
expand,1
expect,4
expectation,4
expected,3
expectin,1
expecting,2
expel,1
expense,1
expensive,1
experience,1
explain,14
explaining,1
explanation,1
exploded,1
exploited,1
explore,5
explored,1
expose,1
exposin,2
exposеd,1
expression,1
extended,1
extent,1
exterior,1
extermination,1
extinction,3
extortin,1
extortion,1
extra,10
extreme,1
ey,1
eye,172
eyeballin,1
eyebrow,1
eyed,4
eyein,1
eyelash,1
eyelid,1
eyez,1
eying,1
eyеs,1
ezekiel,2
fa,2
fabricate,1
facade,3
face,151
faced,4
facelift,2
facepalm,1
faceshot,1
facetime,6
facetimed,1
facetimin,1
facial,1
facilitate,1
facin,5
fact,44
faction,1
factory,4
fade,18
fadeaway,1
faded,8
fadin,5
fading,11
fag,1
fagbo,1
faggot,1
fail,5
failed,1
failin,1
failing,1
failure,7
fair,15
fairly,1
fairy,2
fairyland,1
fairytale,5
faith,17
faithful,2
faithfully,1
fake,38
faked,1
fakin,3
faking,2
fala,1
fall,116
fallen,6
fallin,29
falling,34
false,4
falsified,2
falter,1
fam,4
fame,16
familia,2
familiar,2
family,33
famous,13
fan,28
fanatic,1
fancy,3
fang,1
fanta,1
fantasise,1
fantasize,2
fantasizin,2
fantastic,1
fantasy,12
far,71
fare,1
farm,1
farther,1
farthest,1
fascinating,1
fashion,11
fashioned,1
fast,45
fasten,1
faster,2
fastest,1
fat,15
fatal,1
fate,7
father,27
fathom,1
fatigued,1
fatimah,1
fatten,1
fatty,1
fatuated,1
faucet,2
fault,10
fav,1
favela,1
favor,4
favorite,27
favoritism,1
favoritе,1
favourite,4
fawda,2
fax,2
faygo,1
faze,3
fazed,3
fazo,1
fbg,1
fbo,1
fcc,2
fear,36
fearing,1
fearless,2
feast,2
feather,4
feature,6
fed,14
federales,2
fee,5
feeble,1
feed,10
feeder,1
feedin,2
feel,334
feelin,66
feeling,115
feisty,1
felicia,1
feline,1
fell,50
fella,9
fellate,1
felon,1
felony,2
felt,50
fema,1
female,1
feminine,2
feminist,1
fence,4
fendi,5
fentanyl,2
fenty,5
feria,1
ferra,1
ferrari,3
fest,2
fester,1
fettuccine,4
fetty,1
fever,2
fi,5
fib,1
fiber,2
ficelle,2
fiction,2
field,13
fiend,13
fiendin,3
fifteen,7
fifth,9
fifty,22
fight,51
fighter,2
fightin,10
fighting,15
figure,20
figured,7
fiji,6
fikir,1
filet,2
fill,36
filled,16
fillin,2
filling,3
film,3
fils,2
filter,3
fin,3
fina,1
final,8
finally,24
finas,1
find,153
finder,1
findin,6
finding,5
fine,68
finer,1
finesse,4
finesser,1
finest,6
finger,23
fingerfold,1
fingernail,3
fingertip,2
finicky,2
finish,14
finished,12
finna,17
finе,1
fiona,1
fire,70
fireball,1
fired,4
fireplace,3
firework,1
firm,1
first,89
fish,7
fishbowl,3
fisher,1
fishing,1
fishtailin,1
fist,3
fit,32
fitted,1
five,59
fivi,2
fivio,2
fix,19
fixate,1
fixed,1
fixin,3
fixing,1
fizzin,1
fizzy,1
fl,2
flack,1
flag,3
flagin,1
flair,2
flame,20
flannel,2
flash,3
flashback,6
flashin,1
flashing,1
flashlight,1
flashy,3
flask,2
flat,2
flatten,1
flattery,1
flauntin,1
flavor,4
flaw,4
flawed,3
flawless,2
flea,2
fled,2
flee,1
fleek,2
fleet,2
fleshy,2
fleur,2
flew,9
flex,15
flexible,5
flexin,7
flexing,1
flibba,1
flick,4
flicker,1
flickerin,1
flight,21
flinch,1
fling,2
flintstone,1
flip,12
flipmode,1
flipped,4
flipper,2
flippin,1
flirt,2
flirting,1
flirty,1
flo,1
float,9
floated,1
floatin,6
floating,3
flock,1
flocky,1
flood,5
flooded,1
floor,43
floored,1
flop,2
floppin,2
flor,1
florida,3
floss,5
flossing,1
flossy,3
flour,1
flow,21
flower,8
flowin,1
flown,1
flu,1
fluent,1
flush,3
flushed,1
fly,56
flyer,1
flyin,11
flying,4
fn,3
focus,11
focused,11
focusin,1
foe,1
foenem,1
foggy,1
fold,14
folded,1
foldin,3
folding,1
folk,8
follow,25
followed,5
follower,2
followin,3
following,1
fondly,1
food,11
fool,31
fooled,4
foolie,1
foolin,1
fooling,1
foolishly,1
foot,51
footage,1
football,3
footing,1
forbes,1
forbid,3
forbidden,2
force,4
forced,1
forcing,2
ford,1
fore,26
forehead,1
foreign,8
foremost,2
forest,1
forever,77
forgave,2
forget,61
forgettin,2
forgetting,1
forgiatos,1
forgive,12
forgiveness,5
forgot,13
forgotten,1
form,4
formal,1
formalize,2
former,1
formin,1
forsake,2
forth,8
fortune,3
forty,13
forum,1
forward,6
foster,2
fought,5
foul,1
foulest,1
found,66
foundation,1
fountain,3
four,61
foursome,2
fourteen,6
fourth,2
fourties,2
fourty,1
foyer,1
fragile,5
fragrance,1
frame,12
france,4
francisco,1
frankenstein,1
fraud,4
fraudulent,1
freak,25
freaker,1
freaky,7
freckle,1
fred,1
freddy,1
free,55
freed,2
freedom,5
freestyle,1
freeway,1
freeze,12
freezin,3
freezing,2
freight,2
french,6
frente,1
frequent,1
fresh,18
fresher,1
freshest,1
freshman,1
friction,1
friday,4
fridge,3
fried,1
friend,164
friendly,5
friendship,3
friendzone,1
frieza,2
frightened,2
frightening,1
frightful,2
frio,1
frisk,1
frog,1
froggy,1
frolic,2
front,47
fronted,1
frontin,5
frontline,2
frost,1
frostbite,1
frosticles,1
frosty,4
frown,1
froze,1
frozen,16
frrp,1
fruit,8
fruition,1
fruity,2
frustrated,1
frustrating,1
frustration,1
fry,4
fuck,201
fuckboys,1
fucked,43
fucker,1
fuckin,100
fucking,16
fue,1
fuel,1
fugees,1
fulfilled,2
full,39
fullest,1
fully,3
fumble,1
fumbled,1
fumbling,2
fume,4
fun,52
function,3
fund,3
funeral,3
funk,3
funniest,1
funny,36
fur,1
furious,2
furnace,1
furniture,2
furthermore,1
furthest,1
fused,1
future,20
futuristic,1
fuzz,1
fuzzy,2
fеw,1
gaara,1
gab,1
gabble,1
gabriel,2
gag,1
gaily,1
gain,2
gal,1
galab,1
galaxy,3
galleria,1
gallery,1
galore,1
galway,1
gamble,3
gamblin,1
gambling,1
game,90
gan,1
gang,46
gangbang,1
gangbangin,1
gangsta,13
gangster,7
gap,2
garage,3
garbage,1
garden,10
gardеn,1
garlic,1
garter,1
gary,1
gas,19
gasoline,1
gaspare,1
gassed,1
gat,1
gate,12
gated,1
gather,2
gathered,2
gathering,1
gator,1
gatorade,2
gatti,2
gauge,1
gave,87
gavе,1
gay,7
gaye,1
gaze,4
gbakam,2
gdk,1
ge,1
gear,4
gee,1
geek,3
geeked,1
geekin,6
gelato,2
gelbi,2
gem,1
gemini,2
general,2
generation,4
generic,1
genetics,1
geneva,4
genie,1
genital,1
genitalia,1
genius,6
genre,1
gentle,2
gentleman,5
gently,3
george,1
georgia,1
geppetto,1
gesturеs,1
gesundheit,1
get,474
getaway,2
gettin,70
getting,74
ghana,2
ghandirou,2
ghetto,4
ghewwet,2
ghini,5
ghost,23
ghostin,1
ghoul,1
giannis,1
gianno,1
giant,1
giddy,1
giddyap,1
gift,9
gifted,2
giggle,1
gigolo,1
gildan,1
gimme,15
gimmick,5
gin,2
gina,3
gingerbread,1
ginnies,3
ginobili,1
giorgio,1
girbauds,1
girl,200
girlfriend,12
giuseppes,1
give,207
given,6
givenchy,3
givin,19
giving,14
givе,2
glacial,2
glad,12
glamour,1
glance,2
glass,24
gleam,2
gleamin,1
glee,4
glide,2
glidin,2
gliding,1
glimpsе,1
glisten,3
glistenin,4
glistening,3
glitter,9
glizzy,6
glo,1
glob,1
global,2
globe,4
glock,23
glocks,3
glocky,1
gloosy,1
glory,5
gloss,3
glossy,1
glove,4
glow,18
glowin,2
glowing,1
glue,2
glute,1
gnarly,1
go,428
goal,6
goalie,1
goat,5
goated,1
gobble,1
goblin,1
god,153
goddammit,2
goddamn,17
goddess,3
godfather,1
godzilla,1
goer,1
gofund,2
goggles,1
goin,102
going,65
gold,33
golden,15
golf,1
goliath,1
golly,1
golpe,1
gomorrah,2
gon,179
gone,91
goner,1
gonna,126
gonе,1
good,182
goodbye,26
goodbyeing,1
goodbying,1
goodbyе,1
goodness,2
goodnight,7
goodt,2
goody,1
goofy,3
google,2
googly,1
goon,1
goontex,2
goose,3
goosebump,6
goosеbumps,1
gopher,1
gorgeous,4
gorilla,1
gosh,1
gossip,1
got,475
gotcha,1
goth,2
gots,2
gotta,182
gotti,2
gourmet,1
government,3
gown,2
goyard,1
gq,1
grab,18
grabbed,3
grabbin,1
grace,10
gracious,3
grade,4
graduate,3
graduated,2
graffiti,2
grah,1
grahh,1
grail,2
grain,4
grainge,1
gram,5
grammy,3
grammys,4
grand,10
grandchild,2
grandfather,2
grandma,7
grandson,1
granny,4
granted,3
grape,3
grapevine,1
grappling,1
grasp,1
grass,10
grateful,10
gratification,1
gratitude,1
grave,18
gravedigger,1
gravel,1
graveyard,2
gravity,6
gravy,2
gray,6
greasy,3
great,29
greater,1
greatest,12
greece,1
greed,2
greediest,1
greedy,2
green,28
greener,1
greet,3
greeting,1
gremlin,1
grew,13
grey,9
greystone,2
grid,3
grief,3
grievin,1
grieving,2
grievous,1
grigio,1
grill,3
grillz,7
grimy,2
grin,3
grind,11
grindin,4
gringo,1
grinnin,1
grip,12
grippin,4
grisly,1
grittin,1
gritty,1
grizzly,1
grocery,3
groom,2
groove,9
ground,28
grounded,1
groundskeeper,1
group,8
groupie,4
grow,25
growin,8
growing,5
grown,17
grows,3
growth,4
grr,9
grrah,10
grrat,1
grrr,4
grrra,1
grrrt,1
grrt,6
grudge,3
grumbling,1
gsc,1
gsxr,1
gt,1
gta,3
guala,3
guap,7
guarantee,2
guaranteed,1
guard,11
gucci,13
guccis,1
guess,62
guessed,3
guessin,2
guessing,2
guest,1
guettes,1
guey,1
guidance,1
guide,4
guided,1
guiding,1
guillotine,1
guilt,2
guilty,7
guitar,10
gulp,1
gum,1
gumballs,1
gun,45
gunna,3
gunner,3
gunnin,1
gunshot,2
gunwunna,1
gurgel,1
gushy,3
gut,8
gutted,3
guy,44
guеssing,2
gwaan,1
gyal,3
gym,6
gymnast,1
gymnastics,1
gеt,2
gеts,1
gеtting,1
ha,43
haagen,1
habit,6
habitat,1
hacer,3
hacerme,1
hacerte,2
hago,1
hah,12
haha,21
hahaha,15
hahahaha,4
hahahahaha,4
hail,2
hair,44
hairdo,1
haired,3
hairline,1
haiti,3
hakuna,1
haley,2
half,33
halfway,5
hall,10
hallelujah,6
halley,1
hallow,1
halloween,1
hallway,1
halo,4
ham,1
hamdan,1
hammer,1
hancock,1
hand,156
handcuff,1
handed,5
handgun,2
handing,1
handle,17
handled,2
handling,1
handmade,1
handout,3
handprint,2
handshake,2
handsome,7
handstand,1
handwritten,1
handy,1
hang,28
hangin,6
hanging,9
hangover,1
hap,1
happen,17
happened,24
happenin,7
happening,2
happens,7
happier,8
happiest,1
happily,2
happiness,3
happy,46
harambe,1
harassin,1
hard,123
hardaway,1
hardcore,3
hardened,2
harder,15
hardest,11
hardly,6
hardy,3
hare,2
hari,1
haria,1
hark,1
harlem,2
harley,4
harmon,1
harmony,6
harnessed,1
harpooned,1
harry,1
harsh,3
harsher,1
hart,1
hasta,3
haste,1
hat,5
hatchback,1
hate,106
hated,6
hateful,1
hater,12
hath,1
hathaway,1
hatin,15
hating,1
hatred,3
haul,1
hauled,1
haulin,2
hauling,1
haunt,3
haunted,1
hauntin,2
havin,20
havoc,2
havе,6
hawking,1
haywire,1
haze,4
hazel,2
hazte,1
hd,1
head,135
headbanger,1
headboard,1
headed,2
header,1
headin,1
heading,1
headlight,5
headline,4
headlock,1
headphone,2
headshot,6
headstand,1
heal,14
healed,1
healin,3
healing,2
heals,2
health,4
healthy,6
hear,102
heard,69
hearin,5
hearing,6
hears,2
hearse,4
heart,221
heartache,2
heartbeat,7
heartbreak,9
heartbreaker,1
heartembed,1
heartless,7
heat,30
heated,4
heater,1
heather,2
heatin,1
heav,1
heave,1
heaven,42
heavenly,4
heavily,3
heavy,23
heck,1
hectic,1
hedge,1
hee,7
heeded,1
heel,7
heenan,1
hefner,1
hefty,1
heh,1
height,8
heimlich,3
heinous,1
held,13
helicopter,5
hell,44
hella,14
hellcat,1
hellion,1
hello,17
helmet,1
help,61
helped,8
helpin,3
helpless,1
helter,1
hen,1
henn,1
henne,1
hennessy,7
henny,6
hentai,1
hepburn,1
herb,1
hercules,4
hermes,2
hero,11
heroin,1
herrera,1
herringbone,1
herе,3
hesi,2
hesitate,3
hesitation,1
hexed,1
hey,121
heyyy,1
hi,3
hiatus,1
hibachi,2
hibernation,1
hiccuped,1
hicimo,1
hiciste,1
hickey,3
hickie,1
hid,3
hidden,2
hide,45
hideaway,1
hideo,1
hidin,7
hiding,2
hidе,1
high,93
higher,11
highest,10
highlight,2
highway,3
hiii,1
hijacked,1
hilarious,2
hill,15
hillside,1
hindsight,2
hip,17
hippy,1
hipster,1
history,6
hit,131
hitch,1
hitchhiking,1
hitmaka,1
hitter,10
hittin,19
hitting,1
hive,1
hizo,1
hm,2
hmm,29
hmph,1
ho,41
hobby,4
hock,1
hockey,1
hodo,1
hoe,52
hoffman,1
hoggin,1
hogtied,1
hoist,1
hol,6
hola,1
hold,132
holdin,21
holding,20
hole,16
holiday,11
holla,4
holler,2
hollered,1
hollerin,2
hollow,9
holly,5
hollygrove,2
hollywood,7
holmes,1
hologram,1
holy,13
homage,2
home,122
homeboy,1
homegirl,1
homegrown,1
homeland,1
homeless,1
hometown,4
homework,1
homicide,10
homie,12
homies,8
homophobe,1
hon,1
honda,5
honest,26
honestly,9
honesty,2
honey,19
honeycomb,1
honor,4
honorio,1
hoo,12
hood,29
hoodie,4
hoodies,1
hook,5
hooked,4
hoop,1
hooray,1
hoover,3
hop,32
hope,97
hoped,4
hopeful,1
hopefully,2
hopeless,6
hopelessly,1
hopin,19
hoping,15
hoppa,1
hopped,4
hoppin,5
hopе,1
hora,1
horn,1
hornet,1
horny,2
horrible,1
horror,1
horse,9
horsepower,1
horseshoe,1
hospital,4
host,1
hostage,1
hosting,1
hot,56
hotel,13
hotline,1
hotter,5
hottest,1
hottie,4
hound,1
hour,43
hourglass,1
house,62
housin,1
houston,5
hov,1
hova,1
hover,1
hovercraft,1
hovered,2
however,2
howled,1
huarache,1
hubba,1
hubby,1
huddlin,2
hug,6
huge,1
hugged,2
huggin,1
hugh,1
huh,100
hulu,2
hum,2
human,9
humanity,1
humble,7
humbling,1
humility,2
hummer,1
hummin,1
humor,6
humour,1
hump,1
hun,1
huncho,1
hundo,1
hundons,2
hundred,70
hundredfold,1
hundredth,2
hung,4
hunger,2
hungry,10
hunna,1
hunnid,14
hunnids,4
hunt,1
hunter,2
hurricane,3
hurry,4
hurt,90
hurtful,1
hurtin,10
hurting,4
husband,4
hushers,2
hustle,7
hustler,4
hustlin,10
hustling,1
hybrid,1
hydration,1
hydroxycut,1
hykeem,1
hype,5
hyperpop,2
hypin,1
hypnotherapy,1
hypnotic,1
hypnotised,1
hypnotized,2
hе,4
hеad,1
hеard,1
hеart,2
hеll,1
hеr,6
hеre,4
hеy,1
ib,1
ibiza,1
icarly,1
ice,40
iceberg,2
iced,5
icin,1
icy,2
idea,7
ideal,2
identified,2
identify,1
identity,3
idiot,3
idol,4
ie,2
iffy,1
ig,6
ight,1
ignorance,3
ignorant,1
ignore,5
ignored,1
ii,1
ike,3
ill,4
illegal,1
illin,1
illusion,2
image,7
imaginandote,2
imagination,3
imagine,13
imagined,1
imaginin,2
imagino,1
imaginе,1
imitate,1
imitating,1
imitation,2
imma,1
immaculate,2
immense,1
immensely,1
immersion,1
immigrant,1
immunity,1
imp,2
impala,4
impatient,4
impedin,1
imperfect,1
imperfection,2
implied,1
implodes,2
important,4
importantly,1
importar,1
imported,1
imposin,1
impossible,6
impress,5
impressed,4
impression,4
impressive,1
improve,1
improvement,3
impulse,1
impulsive,1
inanimate,1
inbound,1
incapable,2
incarcerated,2
inch,4
incinerate,1
inclined,4
incognito,1
income,2
incomparable,1
inconceivable,2
increasing,1
incredible,2
incriminatin,1
indecent,1
indecisive,1
indeed,2
independent,7
indestructible,1
index,2
india,1
indictment,1
indie,2
indigo,1
indirects,1
individual,1
indoor,1
indulge,2
indulgent,1
indulging,1
industry,11
inestable,1
inevitable,1
inferno,1
infesting,1
infidelity,1
infinite,2
infinity,3
inflatable,1
inflict,1
influence,4
info,2
informant,1
information,1
infrared,2
ing,3
ingles,1
inhale,1
inhaled,1
inhaling,1
inherited,1
inheritin,1
inhibited,1
initial,1
initially,1
initiative,1
injure,2
injury,1
injustice,1
ink,2
inna,1
inner,4
innocence,5
innocent,6
inordinate,1
inos,2
inquiring,1
insane,9
insanity,3
insecure,6
insecurity,2
insensitive,1
inseparablе,1
inside,73
insight,1
insincerity,1
insomnia,1
insomniac,1
inspired,1
insta,1
instagram,2
instant,4
instead,17
instinct,3
institution,2
instru,1
instrumental,3
instrumentals,1
insult,2
insurance,4
insured,1
intact,1
intent,3
intention,11
intercourse,1
interested,1
interesting,2
interior,5
internalized,1
internally,3
internet,6
internеt,1
interrupt,1
interstate,3
interstellar,2
intertwined,1
interview,5
intestine,1
intimate,1
intoxicated,1
intoxicating,1
intro,2
introduce,4
introduced,2
introduction,1
introvert,1
introverted,1
intеrtwined,1
inventin,2
invest,1
invested,4
investigatin,1
investment,1
investor,2
invisible,3
invitation,1
invite,3
invited,1
invitin,1
inviting,1
involve,1
involved,11
invеstor,1
iou,1
iove,1
iphones,1
ipod,1
iq,1
irish,1
iron,3
ironic,2
irrelevant,1
irrelеvant,1
irs,1
irv,1
irving,1
isabela,1
ise,3
ish,2
isi,2
island,10
issa,1
issaguen,2
issue,6
italiano,1
italic,1
italy,3
itch,1
itchin,2
itching,1
itchy,1
ive,2
ivory,1
iwo,1
ize,1
ja,2
jabbed,1
jack,8
jackalopes,1
jacket,5
jackie,1
jackin,2
jacking,1
jackson,7
jacob,3
jacques,1
jacuzzi,1
jada,3
jaded,1
jag,1
jagged,1
jail,11
jakes,4
jam,6
jamaica,1
jamaican,1
jamba,1
jambo,1
james,2
jamma,2
jamming,1
jan,1
jane,4
janice,2
january,1
japan,1
jargon,1
jas,1
jasmine,1
jason,3
jaw,3
jay,4
jazz,1
jd,1
je,4
jealous,12
jealousy,11
jean,16
jects,1
jeep,2
jeez,1
jeezy,2
jeff,2
jeffrey,2
jell,2
jello,3
jelly,4
jen,2
jennifer,1
jeremy,2
jergens,1
jericho,1
jerking,1
jermaine,1
jerrod,1
jerry,1
jersey,3
jesus,18
jet,23
jetson,1
jewel,6
jeweler,4
jewelry,7
jibb,1
jiggle,1
jigsaw,1
jim,2
jingle,5
jinglin,1
jit,1
jitter,1
jix,1
jo,2
job,22
jodeci,1
joe,2
joel,2
joggin,1
john,14
johnny,1
join,5
joint,6
joke,23
joker,1
jokin,3
joking,1
jolies,2
jolly,3
jolt,1
jon,1
jonathan,1
jong,1
jordan,4
jordyn,2
jorja,2
jose,3
josh,1
joshin,1
journey,3
joy,10
joyas,1
joyful,2
joyner,2
joyous,1
jozi,1
jr,3
jt,2
ju,1
judge,13
judged,2
judgemental,2
judo,1
juega,1
jug,1
jugar,1
juice,12
juicy,1
jukebox,1
juliet,2
july,1
jump,23
jumped,2
jumper,2
jumpin,6
jumping,4
jumpsuit,1
jun,1
june,4
jungle,1
junior,4
junk,1
junkie,1
junky,1
junya,2
jus,1
justice,2
justify,1
justin,1
juug,1
juugin,2
jеans,1
ka,1
kali,2
kall,1
kanchreb,2
kandir,2
kandour,2
kane,3
kang,1
kaniel,1
kanserref,2
kanshoufek,2
kanye,6
kapital,1
kappa,1
karat,2
karate,2
kari,1
karma,4
kart,1
katie,1
katy,1
kauai,2
kawaii,1
kawhi,1
kay,1
kbeazy,1
kdubb,1
keef,2
keem,3
keep,248
keeper,3
keepin,11
keeping,6
kegel,1
kehlani,1
kei,1
keisha,2
keith,4
kel,2
kelis,1
kellogg,1
kelly,3
kembed,9
kendrick,4
kennel,1
kenobi,1
kept,24
kettle,3
kettlе,1
kevin,2
key,29
kfc,1
khaled,6
khan,1
ki,1
kick,34
kicked,6
kickin,5
kicking,5
kid,65
kidd,1
kiddie,1
kiddin,5
kidding,4
kiddy,1
kidney,3
kiera,1
kilani,1
kill,46
killa,3
killas,1
killed,14
killer,30
killin,16
killing,4
killys,1
kilometros,1
kim,7
kin,1
kind,39
kinda,43
kindly,1
kindness,1
kinetic,4
king,34
kingdom,2
kink,5
kirikou,2
kirkpatrick,1
kiss,66
kissan,2
kissed,17
kissin,10
kissing,5
kit,5
kitchen,19
kite,2
kitkat,1
kitted,1
kitten,1
kitty,6
kj,2
kk,2
kkk,1
knack,2
knee,39
kneel,1
knelt,2
knew,66
knick,1
knife,6
knit,1
knock,8
knocked,6
knocker,1
knockin,5
knocking,3
knot,3
know,606
knowin,10
knowing,6
known,30
knoxville,1
knuckle,2
kobe,3
kojima,1
kong,5
konjo,1
konshens,1
kool,1
korin,1
kpai,1
krazy,1
kreme,1
krispy,1
krumping,1
ktb,1
kudos,1
kumbaya,1
kurtis,1
kurupt,1
kutthroat,1
kwame,1
kweli,1
kyla,1
kyle,1
kyrie,1
la,54
lab,1
label,13
labor,1
labour,2
lace,3
lack,5
lackin,4
ladder,2
lady,12
laferrari,2
laffy,1
lag,3
lagos,1
laid,6
lair,1
lake,8
lakers,1
lalisa,1
lam,2
lamar,4
lamb,8
lambo,8
lamborghini,3
lamborghinis,1
lambos,1
lame,8
lamp,1
lamppost,1
land,16
landed,5
landing,4
landslide,1
lane,11
language,8
lanvin,1
lap,5
lapped,1
lar,1
large,2
larry,3
lash,3
lashawn,1
lasso,1
last,111
lasted,3
lastin,2
lasting,1
late,54
lately,16
later,8
latest,1
latex,1
latin,1
latina,1
latinas,1
latisha,1
latter,1
laugh,26
laughable,1
laughin,12
laughing,10
laughter,5
launcher,1
launchin,1
laundromat,1
laundry,2
laura,1
laurent,2
laurie,1
lauryn,1
lavish,5
law,2
lawn,1
lawrence,1
lawsuit,2
lawyer,10
laxative,1
lay,40
layer,1
layin,10
laying,1
layup,1
lazy,5
lbc,1
le,29
lead,21
leader,2
leadin,4
leaf,9
league,8
leaked,1
leakin,4
lean,25
leaned,1
leanin,2
leap,4
leaping,1
lear,2
learn,20
learned,14
learnin,6
learning,4
learnеd,2
lease,4
leased,1
leash,2
least,24
leather,3
leave,139
leavin,16
leaving,12
leavе,1
lebron,3
led,6
ledge,1
lee,3
leechin,1
left,137
lefty,2
leg,24
legacy,3
legal,2
legend,6
legendary,4
legit,1
legitimate,1
lego,3
lemme,5
lemon,6
lemonade,4
lemonheads,1
lend,3
lengua,2
lennon,2
lens,4
leo,6
leon,1
lesbian,1
lesson,16
let,376
letdown,2
lethal,1
letter,13
letterman,1
lettin,7
letting,6
level,13
leveled,1
leven,1
lever,2
leverage,3
levi,2
levitate,1
levitatin,1
levitating,2
li,7
liable,1
liar,3
libido,2
libs,1
license,4
lick,16
lickin,1
licky,1
lid,2
lie,83
lied,10
lieve,1
life,217
lifeless,1
lifelong,3
lifestyle,5
lifetime,7
lift,10
lifted,1
liftin,4
lifе,5
light,146
lighter,1
lightin,2
lighting,2
lightnin,1
lightning,5
lightskin,3
lightweight,2
lighty,2
lightyear,2
lightyears,2
like,615
liked,9
likelihood,1
likely,3
likeness,1
likin,2
liking,1
likе,25
lil,83
lilkdubb,1
lime,1
limelight,2
limit,11
limitation,1
limited,6
limousine,3
limp,1
linda,1
line,74
lined,2
linen,1
linger,1
lingerie,1
lingering,1
lingers,2
lingo,1
lining,1
link,15
linked,1
linking,1
lion,4
lionel,4
lip,35
lippy,1
lipstick,7
liquor,21
lira,1
lisa,8
list,23
listen,58
listened,5
listener,3
listenin,6
listening,6
listens,1
listerine,1
listеning,1
lit,38
literally,1
lithuania,1
litter,1
littiest,2
little,106
littlе,2
liu,1
live,89
lived,7
livelihood,1
liver,3
livin,44
living,31
lizzie,1
lizzo,1
liе,2
llama,1
llamo,1
llego,1
llegue,1
llena,1
llevar,1
llevas,1
llevastes,1
llorando,1
lo,14
load,11
loaded,4
loadin,1
loading,1
loan,4
lob,1
lobby,2
lobster,2
loc,2
loca,1
local,3
location,5
loch,1
lock,26
lockdown,2
locked,23
locker,2
locket,1
lockin,1
lockjaw,1
loco,4
locs,3
log,1
logged,1
logic,1
logical,1
logo,2
lol,1
lolli,1
lollipop,1
london,6
lone,5
lonelier,1
loneliness,1
lonely,36
loner,1
long,121
longer,7
longev,1
longing,4
look,257
looked,12
lookie,1
lookin,80
looking,35
lookout,2
loony,2
loooo,1
loop,4
loophole,2
loose,12
loosen,2
loot,6
looted,1
lopez,1
lopsided,1
lord,33
los,2
lose,67
loser,7
loses,2
losin,15
losing,16
loss,8
lost,89
losе,2
lot,69
lotion,2
lotta,17
lottery,3
lotto,3
louboutin,1
loud,14
louder,9
loudest,2
louis,13
louisiana,1
lounged,4
loungin,1
lousy,1
lovable,1
lovato,1
love,418
loved,49
loveembed,1
lovely,5
lover,25
loverboy,1
lovey,1
lovin,26
loving,12
lovini,2
lovе,4
lovеr,1
low,65
lower,4
lowest,5
lowkey,3
lox,1
loyal,5
loyalty,4
lucci,1
lucia,1
lucian,1
lucid,3
luck,11
luckily,2
lucky,12
lucy,1
luego,2
luggage,3
luigi,1
luka,1
luke,1
lullaby,1
lumberjack,2
lumbre,1
lumbеrjack,2
lump,1
luna,1
lunch,4
lunchable,1
lung,7
lurk,6
lurkin,5
lurking,2
lust,2
luther,4
luv,1
luxury,5
lv,1
lvs,1
ly,2
lyft,3
lyin,15
lying,13
lykan,1
lyric,5
lеad,2
lеaks,2
lеast,1
lеave,1
lеt,4
mac,8
macarenas,1
macaroni,2
machine,8
mack,4
mad,47
madden,2
madder,1
maddox,1
made,176
madea,2
madhouse,1
madison,3
madly,1
madness,4
madе,4
mafia,3
magazine,2
maggot,2
magic,22
magical,4
magician,1
magine,1
magnet,2
magnificent,1
magnitude,1
magnotta,1
magnum,1
mahogany,1
mahomes,1
maid,3
maiden,1
mail,5
mailman,1
main,8
mainly,3
maintain,2
maintenance,2
mais,1
maison,1
major,6
makaveli,1
make,327
maker,3
makeup,5
makin,48
making,23
makе,1
mal,1
malandra,1
malcolm,2
male,1
malibu,5
malicious,1
mall,4
mallorca,1
malnourished,1
malo,1
mama,61
mami,1
mamma,1
mammal,1
mammy,1
mamones,1
man,177
manage,2
managed,1
manager,2
mandela,1
mandem,2
maneuver,1
mani,1
mania,1
maniac,2
manic,2
manicure,1
manifest,2
manifested,2
manipulate,1
mankhsser,2
mankind,2
manner,3
manolo,1
manolos,2
manor,1
mansion,11
manslaughter,1
manson,1
mansoor,1
mansory,1
mantra,1
many,63
manzana,1
map,3
maquinando,1
mar,4
maraj,1
marathon,1
marble,1
march,1
marchin,1
marching,4
marco,1
marcus,1
margherita,1
margielas,2
mariah,3
mariano,1
marie,1
marilyn,2
marine,1
mario,1
mark,8
market,5
marni,1
married,5
marry,6
marshall,2
marshmallow,1
martha,2
martin,8
martyr,1
marvelous,3
marvin,1
mary,1
masculine,1
maserati,2
mashed,1
mask,13
masked,4
masochist,1
masochistic,1
masquerade,3
mass,2
massa,1
massage,1
massagin,1
massaging,1
massive,1
master,7
mastered,1
masterpiece,4
mat,1
matata,1
match,13
matchin,2
matching,4
mate,2
material,1
math,4
mathematician,1
mathers,1
matic,1
mato,1
matrix,6
matt,1
matted,1
matter,39
mattered,2
matthew,1
mattress,6
maturity,1
maury,1
maverick,2
max,4
maxi,1
maxine,1
may,21
maybach,10
maybe,85
maybelline,2
maybes,1
maybе,2
mayday,2
mayhem,1
mayo,1
mayor,1
mazel,1
mbabarara,1
mc,1
mccoy,1
mclaren,1
meadow,1
meal,2
mean,94
meaner,1
meant,24
meanwhile,2
measly,1
measure,3
measurement,1
meat,2
meatloaf,1
meaty,4
med,5
medalist,1
medicate,1
medication,2
medicine,5
mediocre,2
meditation,3
medium,1
meech,1
meek,1
meembed,1
meenie,1
meet,51
meeting,5
mega,1
megan,4
megaphone,1
mein,1
melanin,1
melee,1
mello,1
melly,1
melo,2
melody,9
melon,2
melt,6
meltin,1
member,14
membership,2
meme,4
memo,1
memorize,1
memorizing,1
memory,43
men,15
menage,1
mend,2
meniscus,1
menstrual,1
mental,10
mentality,1
mentally,2
mentals,1
mente,2
mention,15
mentioned,1
mentiras,1
menu,1
mera,1
mercedes,6
merciful,2
mercy,3
mere,1
merely,1
merit,1
merlot,1
mermaid,1
merriam,1
merrily,2
merry,17
mesmerized,4
mess,23
message,21
messagin,1
messenger,1
messi,5
messin,3
messing,1
messy,8
met,49
meta,1
metaphor,1
metatron,2
meteor,1
meter,1
methane,1
method,2
meto,1
metro,4
mexicana,1
mhm,7
mhmm,1
mi,11
mia,1
miami,8
mic,5
michael,11
michelin,1
michelle,1
michigan,1
michoacana,1
micro,1
microphone,4
midas,2
middle,27
middleman,2
midnight,7
midst,3
might,136
mighty,4
migo,4
migos,2
mike,8
mikey,1
mil,6
milan,1
mile,15
mileage,1
militant,2
milk,3
milky,3
mill,4
mille,7
milles,1
milli,4
millie,1
millimeter,4
million,57
millionaire,2
millis,1
millon,2
mimi,3
mimic,1
mimickin,1
min,1
minaj,2
mind,186
mindin,1
mindset,2
mine,90
minefield,1
mineral,1
miney,1
mingle,1
mini,2
minimal,1
minimum,3
minivan,1
mink,1
minor,1
minus,4
minute,31
minе,1
mio,1
mira,2
miracle,7
miraclеs,1
mirada,1
mirage,1
mirame,1
miras,2
miro,1
mirror,23
mischief,1
mischievous,1
miserable,3
misery,8
misfit,1
misfortune,1
mishandle,1
misinformed,4
mismatched,2
mismo,1
misogyny,1
misquotin,1
miss,50
missed,16
missile,4
missin,11
missing,11
mission,2
missionary,2
missus,1
mistake,33
mistakin,2
mister,3
mistletoe,13
mistletoeembed,1
mistletoeing,1
mistletoе,1
mistlеtoe,1
mistook,1
mistress,3
misunderstood,3
misеrable,1
mit,1
mitt,1
mix,15
mixed,5
mixin,1
mixtape,1
mixtapes,1
mixy,1
mlboa,1
mm,49
mmh,6
mmm,53
mo,4
moaning,1
moat,1
mob,7
moby,1
mockin,1
mode,10
model,7
modern,3
modesty,2
modеsty,2
moe,3
moes,1
moet,1
mohammed,1
moi,1
moisturizer,2
mojito,1
mojo,1
molasses,1
molest,1
molly,6
molotov,1
mom,22
moment,44
momentary,2
momma,13
mommy,5
mon,2
mona,4
monday,5
money,115
monitor,2
monk,2
monkey,2
monopoly,2
monster,11
montage,1
montana,2
monte,2
month,25
montrose,1
monеy,2
mood,18
moon,25
moonlight,12
moonlit,2
moonwalk,5
moonwalking,2
moose,1
mop,3
moppin,1
moral,3
morant,1
morena,1
morgan,1
morgue,1
morn,2
mornin,29
morning,32
morris,2
morrison,1
mortal,1
mortgage,4
morty,1
morе,2
mosaic,2
moscato,1
moses,2
mosh,2
moshpit,1
mosquito,2
mostly,1
moth,2
mothafuckers,1
mothafuckin,2
mother,31
motherfuck,2
motherfucker,20
motherfuckin,23
motherfucking,1
mothеrfucker,2
mothеrfuckin,2
motion,14
motivation,2
motive,1
motley,1
motor,1
motorcade,1
motto,4
mound,1
mount,2
mountain,12
mouth,31
mouthpiece,1
move,76
moved,20
movement,3
movida,1
movie,24
movin,37
moving,10
mp,1
mr,8
msg,2
mtv,2
mu,1
much,148
mucho,2
mud,13
mudda,1
muddiest,1
muera,1
muevelo,1
mugler,1
muh,1
muhfucka,1
mujer,1
mula,3
mulan,2
mulatto,2
mulholland,1
mulsanne,1
multi,3
multiple,3
multiplyin,1
multitask,2
multitaskin,1
mum,1
mumbling,1
mummy,3
munching,1
mundo,1
mural,2
murda,3
murder,11
murdered,3
murderer,2
murderin,1
murk,5
murked,1
muscle,4
muse,4
music,39
musica,1
muslim,1
must,30
mustang,1
mustard,1
mute,1
muttering,1
mutual,1
mwah,6
mya,3
myriad,1
mysterious,2
mystery,5
mystic,2
mystical,1
myth,1
mythical,1
mythological,1
mе,24
mеant,1
mеlon,1
mеt,1
na,40
naa,1
nada,1
nage,1
naggin,1
nah,55
nail,1
naive,2
nake,1
naked,10
name,111
named,5
nameless,1
naming,1
namе,2
nana,2
nank,1
nao,1
nappy,3
narcotic,3
nardo,1
narrative,1
narrow,1
nasarati,1
nassy,1
nastiest,1
nasty,7
nastylgia,1
nasy,1
nat,1
natalie,1
nate,2
nathan,1
nation,4
native,2
natty,2
natural,5
nature,4
naughty,4
nauseous,4
nausey,1
navy,5
naw,2
nawf,5
nawfside,2
nay,1
nba,4
nc,1
nchouf,2
nda,4
ne,3
near,17
nearing,1
nearly,3
neath,1
necessary,2
neck,42
necklace,6
neech,1
neechie,1
need,295
needed,26
needin,5
needing,1
needle,3
needy,3
needеd,1
neet,1
neets,1
nefertiti,1
negative,4
neglect,2
neglected,1
neglection,1
negotiation,1
negro,2
neighbor,8
neighborhood,6
neiman,2
neither,1
nekorb,2
nelly,4
nem,3
nemo,1
nena,1
neon,7
nerd,3
nero,1
nerve,11
nervous,12
ness,1
nestin,1
nesting,1
net,6
netflix,2
netted,2
network,2
nevada,1
never,389
new,149
newborn,3
newest,1
news,14
next,63
ni,4
nia,2
niagara,1
nica,2
nice,40
nicely,1
nicer,1
nichols,1
nick,4
nicked,1
nickel,3
nickelin,1
nicki,6
nickie,1
nickname,1
nicotine,1
niece,1
nig,3
nigg,2
nigga,182
night,217
nightfall,1
nightlight,1
nightmare,13
nightstand,3
nighttime,2
nike,6
niko,1
nina,5
nincompoop,1
nine,23
nineteen,2
nineteenth,2
ninety,5
nipping,1
nipsey,3
niro,2
nirvana,2
nitty,1
nk,1
nkwobi,2
nobody,97
nobu,1
noche,5
noches,1
nocturnal,1
nodding,1
noel,1
noggin,1
noir,2
noise,6
non,5
none,30
nonsense,3
nonstop,2
nonviolent,1
noodle,1
noon,1
noose,2
nope,7
normal,6
normality,2
normally,4
norte,1
north,10
northern,2
northie,1
northside,1
nose,16
nosed,2
nosey,1
nosy,1
notary,2
notch,1
note,17
nothin,95
nothing,87
notice,10
noticed,4
noticin,1
notification,1
notion,2
notre,1
nova,2
november,2
nowadays,1
nowembed,1
nowhere,17
nsfw,1
nsync,1
nuance,3
nude,1
nudy,1
nuh,1
nuisance,3
nuke,3
numb,20
numbed,1
number,47
numbered,1
numbing,1
numbskull,1
numero,1
nurse,1
nursing,1
nurture,2
nut,6
nutted,2
nutty,1
nuvo,1
nwantinti,2
ny,1
nyash,2
nyem,2
nympho,1
nyoom,1
nypd,1
nеrve,1
nеrves,1
nеver,1
nеxt,1
oa,1
oak,1
oath,2
obey,1
obeyed,1
obi,1
obie,1
obituary,1
object,3
oblige,1
obliterating,1
oblivious,2
obscene,1
obsessed,7
obsessin,1
obsession,3
obsessive,1
obvious,11
occasion,2
occasionally,3
occur,1
occurred,1
occurring,2
ocean,27
oceanless,1
october,2
od,3
odds,9
odor,2
ody,3
offend,4
offending,1
offends,1
offensive,1
offer,5
offerin,2
offering,3
office,3
officemax,1
official,1
offing,1
offset,4
offspring,2
often,7
og,8
ogede,1
oh,448
ohh,8
oi,2
oj,2
ojos,1
okay,88
okin,1
oklahoma,2
ol,3
olar,2
old,72
olden,1
older,23
oldest,1
ole,1
olf,1
olive,1
oliver,1
ollie,1
olvidar,1
olvido,1
olympics,1
omega,2
omo,1
omoge,1
oncе,2
one,401
onely,2
onika,1
onion,1
online,2
onlyfans,1
onto,10
onward,1
onyx,6
onе,3
onеs,2
oo,1
ood,1
oof,1
ooh,224
ooo,2
oooh,6
oooo,1
oooohhh,1
oooooh,3
ooooooh,1
oopsie,1
open,62
opened,9
openin,1
openly,1
opera,3
operating,1
operation,1
opinion,5
opp,19
oppas,3
opponent,1
opportunity,1
opposite,8
opposition,3
opps,27
oppy,1
option,8
optional,1
orange,2
orbit,1
order,5
ordered,6
orderin,2
ordering,1
ordinary,1
oreo,2
organ,3
orgasm,1
original,1
orlando,1
orleans,1
osama,2
oscar,2
ot,1
ote,1
others,5
otherwise,1
othеr,1
oti,1
otis,1
otra,1
ouais,2
ouch,3
ought,3
oughta,4
outdoor,1
outer,5
outfit,1
outkast,1
outlaw,2
outrage,1
outro,2
outside,47
outskirt,2
outspoken,1
outta,29
outtatown,1
outweigh,1
oval,2
ovation,1
oven,2
overconsumed,1
overdramatic,1
overdrive,1
overdue,1
overflowed,1
overflowing,2
overheated,1
overload,2
overlooked,1
overly,1
overnight,6
overpass,1
overrated,2
overripe,2
overseas,6
overslept,2
overstep,2
overtaken,2
overthink,3
overthinkin,1
overthinking,1
overtime,4
overweight,1
ovo,6
ovulating,1
ovеr,5
ow,4
owe,14
owed,3
owl,4
owner,3
owning,2
oxford,1
oxygen,2
oxytocin,1
oye,3
ozzy,1
pa,34
pablo,1
pac,6
pacal,2
pace,4
paced,2
pacing,3
pack,24
package,1
packed,6
packin,3
packing,2
pad,3
paddle,2
pagan,1
page,11
paid,34
paigons,1
pain,77
painful,3
painfully,1
painless,1
paint,21
painted,5
paintin,1
painting,6
pair,6
paisley,1
pajama,3
pal,1
palace,1
pale,1
palm,4
palpitation,1
palupe,1
pam,1
pan,1
pancake,1
panda,2
pandemic,6
panic,6
pannonica,2
panoramic,2
pant,18
panty,3
pantyhose,1
paow,2
papa,6
paparazzo,3
paper,25
papercuts,1
paperwork,1
papi,7
papoose,1
papz,2
para,2
parachute,2
parade,4
paradin,1
paradise,13
paraembed,1
parallel,2
paralyzed,5
paramedic,1
paranoia,1
paranoid,8
paraplegic,1
parasite,2
pardon,7
parent,7
paris,7
park,15
parked,3
parker,2
parking,3
parkland,1
parlay,2
parmesan,1
parody,1
parole,2
parrot,1
parson,1
part,37
partake,1
participate,1
participation,1
partna,1
partner,5
party,56
partyin,1
pasar,1
passage,1
passed,5
passenger,2
passin,9
passing,5
passion,7
passionate,3
passive,1
passport,8
past,53
pastor,1
pat,1
patch,3
patek,10
patent,1
path,5
pathetic,2
pathic,1
patience,7
patient,11
patiently,2
patrick,1
patty,1
paul,1
paused,1
pave,2
pavement,3
pavilion,1
pay,54
paycheck,1
payday,2
payin,10
paying,1
payment,4
payne,2
payoff,1
payphone,1
payroll,3
paystub,1
pc,1
pe,1
pea,2
peace,38
peacefully,1
peacemakin,1
peach,6
peak,4
peaked,2
pearl,1
pearly,1
peat,2
pebble,2
pedal,5
peddled,1
pedestal,2
pedigree,1
peein,1
peek,1
peekin,2
peel,3
peeler,1
peelin,1
peep,6
peeped,2
peer,4
peeved,1
peg,1
peleamo,1
pelham,1
pelle,1
pelles,1
pello,3
peloton,1
pen,14
pencil,2
penciled,1
pendent,1
pendin,2
pendulum,1
penicillin,1
penned,2
pennin,1
penny,4
pensaban,1
pensando,1
pension,2
pentagram,1
penthouse,5
peon,1
people,86
peoplе,1
pep,3
pepper,4
peppermint,1
pepsi,1
per,1
perc,9
perceived,1
percent,10
percentage,1
perception,1
percocet,6
percs,5
percussioner,2
percy,1
perds,1
perfect,41
perfected,1
perfectly,5
perform,1
performance,3
performing,1
perfume,4
perhaps,1
perignon,1
peril,2
period,4
perish,2
perky,4
perm,1
permanent,1
permanentemente,1
permeate,1
permission,5
pero,3
perpetual,2
person,18
persona,2
personal,5
perspective,4
perspire,1
peru,1
pesci,2
peso,1
pessimist,2
pessimistic,1
pet,7
petal,4
peter,2
petite,1
petrified,1
petrify,1
petrol,1
pettiest,1
petty,9
pew,8
pfeiffer,1
pfft,1
pg,2
pglang,3
phantom,2
phase,7
phatness,1
phenomenal,1
phew,3
phil,2
philippe,2
phone,79
phony,2
photo,10
photogenic,1
photograph,6
photographin,1
photoshoots,1
phrase,1
phrenic,1
physic,1
physical,1
physique,1
pi,1
piano,2
pic,8
pick,38
picked,15
picket,2
pickie,1
pickin,4
picking,2
pickle,2
picky,1
picnic,2
picture,43
pictured,2
picturin,1
picturing,1
pie,6
piece,56
pier,2
pierce,2
pierre,2
pig,2
pigeon,1
pilate,1
pile,3
pilin,2
pill,18
pillies,1
pillow,10
pillowtalkin,2
pilot,2
pimp,7
pimpin,6
pin,6
pinata,1
pinch,1
pinche,1
pinching,1
ping,3
pink,8
pinkie,1
pinky,4
pinnacle,2
pinned,1
pinot,3
pint,1
pipe,14
piped,3
piper,1
piranha,3
piru,2
piss,4
pissed,5
pister,2
pistol,11
pit,5
pitch,3
pitched,1
pitcher,1
pitching,1
pitiful,3
pitino,2
pitt,1
pity,6
pizza,2
pj,3
pjs,1
placate,1
place,93
placed,1
placid,1
placin,2
plaid,2
plain,9
plainly,3
plan,46
plane,19
planet,8
plank,4
planned,5
planner,1
plannin,1
plant,3
planted,4
plaque,8
plastered,1
plastic,10
plat,1
plate,10
platform,2
platinum,14
play,123
playa,1
playas,4
playback,1
playboi,1
playboy,1
playdate,1
played,26
player,14
playful,2
playground,1
playin,58
playing,27
playoff,1
playtime,1
plea,2
plead,1
pleading,2
pleasant,1
please,84
pleaser,1
pleasure,3
plenty,16
plinko,2
plot,5
plottin,5
plotting,1
pluck,1
plug,10
plugged,1
plum,2
plus,10
plush,1
pluto,4
plеase,1
pm,1
pmsing,1
pneumonia,1
pocket,31
podria,1
poem,2
poet,1
poetic,1
poetry,1
point,28
pointed,1
pointer,1
poison,2
poisoned,1
pokin,1
polarized,1
pole,17
police,8
policy,1
polished,2
politely,1
politician,1
politickin,3
politics,1
polluting,1
polo,3
polyester,1
pom,1
pon,2
ponder,1
pone,1
ponerte,1
pong,2
pontiac,1
pony,1
poodle,1
poof,2
pooh,3
pool,17
poor,8
pop,75
pope,1
popeyes,2
popped,16
poppin,27
popping,6
popstar,3
popular,2
por,5
porcelain,3
porch,5
porn,2
porno,1
pornography,2
porsche,8
porsches,1
portfolio,1
portion,1
portrait,2
portrayed,1
pose,6
posed,7
posin,2
position,5
positive,1
posse,6
possible,1
possibly,2
post,15
posted,5
posterior,1
postin,1
posture,1
pot,5
potato,4
potency,1
potential,3
pothole,4
potion,3
pottery,1
pouch,4
pound,10
pour,23
poured,2
pourin,17
pouring,5
pours,1
pout,3
poverty,2
pow,4
powder,3
power,20
powerful,4
practice,2
practicin,1
prada,4
pradas,1
prairie,1
praise,5
prancin,1
prank,4
pratt,1
pray,44
prayed,10
prayer,8
prayin,18
praying,10
pre,2
preach,2
preacher,3
precautious,1
precinct,1
precious,2
precision,3
predator,1
predict,2
predictable,1
predicted,3
pree,1
preferred,2
pregnant,5
premonition,2
prende,1
prendes,1
prepare,3
prepared,2
prescription,3
presence,4
present,11
preserve,1
presets,1
president,3
presidential,1
presley,1
press,17
pressed,3
pressure,16
pretend,33
pretended,3
pretender,1
pretendin,5
pretending,4
prettier,3
prettiest,3
pretty,53
pretzel,1
prevent,1
prevention,1
previously,2
prey,2
price,27
priceless,3
pricе,1
pride,11
priest,1
prime,4
primetime,2
prince,7
princesa,1
princess,7
principle,2
print,2
prior,3
prioritize,2
priority,1
prison,3
prisoner,4
privacy,1
private,16
prize,2
pro,7
prob,1
probable,1
probably,50
probation,1
problem,39
problеm,1
proceed,4
process,2
procession,1
prodigy,1
produced,3
producing,1
product,8
profanity,1
profession,1
professor,3
profile,2
profit,5
profound,1
program,1
progress,5
progression,4
project,9
projectile,1
projection,1
prolific,1
prolly,9
prom,3
promethazine,5
promise,35
promised,4
promo,4
promos,1
promote,1
promoter,4
promotin,1
prong,2
pronounce,1
proof,4
prop,4
propaganda,1
propagating,1
proper,1
property,1
prophecy,4
prophet,2
propia,1
proposition,1
proposito,1
prospеr,1
prostate,1
prosthetic,1
prosthetics,1
protect,9
protected,3
protection,1
protest,1
protestin,1
protocol,1
proud,26
prove,18
proved,3
provide,4
providin,1
provoke,2
prr,1
prude,1
psychic,1
psycho,4
psychopath,1
psychopathic,1
ptsd,2
pu,3
pub,1
pubes,1
public,10
publicly,1
publish,2
publisher,2
pubеrty,1
pucci,2
pucker,1
puddle,3
puedo,1
pues,2
puff,1
puffed,1
puffin,1
pull,93
pulled,29
pullin,18
pulling,5
pullout,1
pullеd,1
pulse,1
pum,2
pump,4
pumpin,1
pumping,1
pumpkin,2
puna,1
punani,2
punch,4
punched,1
punchin,2
punching,1
punk,6
punter,1
pupil,1
puppet,2
purchase,3
pure,5
purge,4
purgin,1
purify,1
purp,2
purple,12
purpose,12
purr,2
purrin,1
purse,5
pursued,2
push,18
pushed,2
pushin,3
puso,1
pussy,63
put,218
putin,1
puto,1
puttin,16
putting,5
puzzle,2
puzzled,1
pwc,1
pyramid,3
python,1
pеople,1
qua,3
qualified,1
quality,2
quano,1
quarantine,2
quarantining,1
quarter,9
quarterback,2
quavo,2
que,9
quedas,2
quedate,1
quedo,1
queen,12
queentex,1
queer,2
quemarte,2
queria,1
queseria,1
question,13
questioning,1
queue,1
quick,16
quicker,6
quickly,3
quicksand,1
quien,1
quiere,1
quieres,2
quiero,7
quiet,15
quiiso,1
quit,11
quite,9
quits,2
quitter,1
quoi,1
quote,3
quotin,1
quran,2
ra,4
rabies,1
race,17
raced,1
racin,3
racing,4
rack,38
rackaids,2
rackin,1
radical,2
radio,9
raf,2
rag,1
rage,2
rager,2
ragin,3
raging,2
rah,1
rai,1
raider,1
rail,2
rain,57
rainbow,4
rained,2
rainfall,1
rainin,1
rainy,3
raise,13
raised,18
raisin,4
rakin,1
rally,2
ralo,2
rambo,2
ramen,1
ramirez,1
ran,24
ranch,1
random,5
randomly,1
range,7
ranger,1
rank,1
ranked,2
raow,2
rap,22
rape,1
rapear,1
raperas,1
raperos,1
rapid,2
rapper,25
rappin,7
rapport,1
raptor,1
rapunzel,1
raq,3
rare,10
rarely,1
rari,2
rascal,1
rasp,1
raspy,1
rasta,2
rat,9
ratchet,5
rate,2
rather,34
ratio,1
ratta,1
rattle,1
rattled,3
rauw,1
rave,1
ravine,1
raw,12
ray,8
razor,3
razorblade,1
reach,30
reached,3
reachin,7
reaching,4
react,1
reacted,1
reaction,3
read,40
readin,1
reading,4
ready,49
real,127
realer,2
realest,4
realise,2
reality,10
realize,18
realized,5
realizing,2
really,207
reap,1
reaper,6
reaping,1
rear,2
rearrange,2
rearview,3
reason,46
reasonable,1
rebel,2
rebellious,1
rebirth,4
reboot,1
rebound,2
rebuild,1
rebut,1
rebuttal,5
rec,1
recall,2
receipt,1
receive,1
receivin,1
receiving,1
recent,1
recently,1
recess,1
recipe,1
reciprocate,1
reckless,11
reckon,1
recline,1
reclinin,1
recognise,2
recognize,5
recollection,1
record,23
recordin,2
recording,2
recreatin,1
recruitin,1
red,48
redbone,2
redd,6
redemption,1
redesign,1
redhead,1
redone,1
reekin,1
reenact,1
reevaluate,1
ref,1
reflect,1
reflected,1
reflection,6
refresh,2
refrigerator,2
refugee,1
refusal,1
refuse,3
regardless,2
reggie,1
regina,1
region,1
regis,3
regress,1
regret,17
regretting,1
regular,9
rehab,1
rehearsed,3
rehеarsals,1
reign,2
reigning,1
rein,1
reina,1
reindeer,7
rejection,1
rekindle,1
relapse,4
relapsed,1
relate,18
related,1
relation,1
relationship,2
relax,8
relaxation,1
relaxed,1
relaxin,2
relay,6
release,8
released,3
relentless,1
relevant,1
relief,4
relieve,1
relieved,1
religion,2
relive,3
relivin,1
reloaded,1
rely,1
remain,6
remark,1
remarkable,1
remedy,3
remember,89
remembered,1
rememberin,1
remembering,2
remembrance,1
remembеr,3
remind,23
reminded,3
reminds,6
reminisce,1
reminiscin,5
reminiscing,2
remorse,4
remote,2
remove,1
remy,1
renegade,2
renegading,2
renovate,2
rent,9
rental,3
rented,3
renter,3
rentin,2
rep,4
repayin,1
repeat,15
repeated,2
repeatin,1
repent,2
replace,8
replaced,1
replay,3
replayed,1
replayin,1
replaying,1
replied,1
reply,7
repo,1
report,1
reporting,1
repost,2
repper,2
reppin,1
repping,1
represent,2
represento,1
reprimanded,1
reptile,1
reputation,1
request,3
require,1
rerun,2
resent,2
resentment,3
reserved,1
reset,1
reside,1
residence,1
residential,1
residual,1
resignation,1
resilience,1
resist,3
resolution,2
resort,4
resource,2
respect,27
respected,2
respectfully,2
respeto,1
respond,3
responded,1
responding,1
responsibility,3
rest,36
restart,2
restaurant,2
restored,2
resultantly,1
resulting,1
resume,1
retail,1
retarded,1
retell,1
retire,2
retiring,2
retrace,1
retreat,2
retro,1
retrograde,1
return,7
returnin,1
retweeted,1
reused,2
reveal,2
revealed,1
revealin,1
revel,1
revelation,1
revenge,5
reverse,5
reversin,1
revert,1
reverеnd,1
revin,1
revolution,3
revolves,1
revolvеr,1
revvin,1
revеrend,1
reward,2
rewind,6
rewrite,1
rex,2
rey,1
rhino,1
rhude,1
rhyme,13
rhymin,1
rhythm,10
ri,1
rib,4
rica,1
rich,52
richard,12
richer,7
richest,1
richie,3
richter,1
rick,5
ricky,3
rico,2
rid,5
riddle,2
ride,64
rider,4
ridiculously,1
ridin,27
riding,4
right,266
righteous,2
righteousness,1
rigid,3
rihanna,2
riley,1
rillas,1
rim,2
rimowa,1
ring,47
ringin,3
ringing,8
ringtone,1
rink,1
rinse,1
rio,1
riot,4
rip,9
ripe,1
ripken,1
ripped,2
ripper,1
rippin,2
riptide,2
riri,1
rise,14
rising,3
risk,11
risking,1
risky,1
risperdal,1
ritalin,1
ritual,1
ritz,2
rival,1
river,11
rivera,1
riviera,1
rizzuto,1
rj,1
roach,4
road,42
roadside,2
roadster,1
roam,3
roar,2
roasting,2
rob,3
robber,6
robbery,1
robbin,1
robe,7
robert,2
robyn,1
roc,1
rock,52
rockefeller,1
rocker,1
rocket,10
rockin,14
rocking,7
rockstar,6
rockstars,1
rocky,4
rod,1
roddy,1
rode,5
rodent,1
rodeo,4
rodman,1
role,6
roleplay,1
rolex,2
rolexes,2
roll,69
rolled,4
roller,2
rollerbladin,1
rollercoaster,3
rollercoasters,1
rollie,8
rollies,6
rollin,25
rolling,8
romance,2
romancin,4
romancеs,1
rome,3
romeo,2
rompe,1
roof,11
room,78
roommate,3
rooster,1
root,6
rooting,3
rooty,1
rope,3
rose,22
rosemary,1
rosewood,1
ross,3
roster,1
rosy,4
rot,2
rotation,1
rothschild,2
rotting,1
rough,10
round,83
route,7
routed,1
rover,6
row,4
rowdy,2
roxanne,1
roy,3
royal,1
royale,1
royalty,1
royce,12
royces,2
rps,1
rraow,1
rrr,3
ru,1
rub,6
rubbed,2
rubber,8
rubbin,2
rubbish,2
ruby,2
rude,4
rudolph,1
rudy,2
ruff,1
rug,3
ruger,3
rugged,2
ruin,3
ruined,7
rule,9
rum,1
rumble,1
rumbling,1
rumor,11
rump,1
run,125
runaround,1
runaway,1
runner,3
runnin,64
running,23
runny,1
runtz,2
rush,12
rushin,2
rushing,1
rushmore,1
rust,1
ruta,1
ruth,4
ruthless,3
rvssian,1
rvssianembed,1
rwanda,2
ry,2
ryders,1
rywhere,1
rе,2
rеal,2
rеmember,1
rеst,1
sabe,1
saben,1
saber,1
sabes,2
sable,2
sabotage,4
sack,5
sackin,2
sacred,1
sacrifice,8
sacudelo,1
sad,37
saddest,1
saddle,1
saddy,1
sade,2
sadistic,1
sadly,1
sadness,3
safari,1
safe,30
safely,1
safer,1
safety,3
sage,1
said,220
sail,2
sailing,1
saint,17
sais,1
saitama,1
sake,6
saken,2
saks,1
sal,3
salad,3
salary,1
sale,5
sally,1
salmon,2
salon,1
salt,6
salty,3
salutation,1
salute,1
sam,2
samе,1
san,3
sanctified,1
sanctify,1
sanctioned,1
sand,15
sandal,1
sandra,1
sandwich,1
sandy,2
sang,5
sanity,4
santa,16
sapphire,2
sarah,1
sassy,2
sat,4
satan,7
satellite,1
satin,2
satisfaction,1
satisfied,4
saturday,6
saturn,1
sauce,1
saucin,4
saucing,1
saucy,1
savage,10
save,36
saved,15
savin,8
saving,4
savior,3
saviour,1
savvy,2
saw,60
saxophone,1
say,376
sayin,50
saying,18
scale,4
scalp,1
scammer,2
scammin,1
scantron,1
scapula,1
scar,14
scare,6
scarecrow,1
scared,39
scarf,2
scarier,1
scarlet,2
scarred,3
scary,11
scatter,1
scavenger,1
scene,21
scent,6
scented,1
sched,1
schedule,4
scheme,1
school,33
schoolhouse,1
sci,1
science,2
scientist,2
scissorin,1
scoop,3
scooter,2
scope,4
score,14
scoreboard,1
scorin,1
scorpio,1
scott,3
scotty,1
scrambled,1
scrap,1
scrapin,1
scratch,3
scratched,2
scream,14
screamed,1
screamin,21
screaming,9
screen,7
screw,9
screwed,3
screwin,1
script,5
scripture,1
scroll,3
scrollin,1
scrolling,1
scrub,1
scrеam,1
scuba,1
scufflin,1
scumbag,1
scurry,1
scuse,2
sdnah,1
sduolc,1
se,4
sea,16
seal,3
sealed,3
search,6
searchin,8
searching,8
sears,1
seaside,1
season,19
seat,21
seatbelt,2
seater,1
seatin,1
seattle,1
sec,2
secluded,1
second,44
secondhand,2
secrecy,2
secret,32
secretly,1
section,4
sectional,1
secure,3
security,9
sedate,1
seduce,2
see,379
seed,6
seein,16
seeing,6
seek,4
seekin,4
seeking,2
seem,21
seemed,3
seems,28
seen,102
segregated,2
seh,1
selection,1
selena,4
self,20
selfie,1
selfish,7
selfishly,1
selfishness,2
selfridges,2
sell,18
sellin,9
selling,1
seltzer,2
semi,3
sena,1
send,49
sendin,7
senile,2
senior,1
senorita,4
sensation,1
sense,15
sensei,1
senseless,1
sensible,1
sensitive,2
sent,30
sentence,5
sentimental,2
sentirte,2
sepa,1
separate,3
separating,1
sepia,1
september,1
sequin,1
serena,2
serenade,2
serene,1
serenity,2
serious,3
seriously,1
serotonin,1
serpent,1
serum,1
serve,5
served,1
service,2
servicе,1
servin,11
serving,1
sesame,1
session,3
set,44
settee,1
settin,3
setting,1
settle,9
settled,5
settlin,2
setty,1
setup,1
seuss,1
seven,20
seventeen,6
seventh,2
seventy,3
severe,2
severely,2
sew,1
sex,16
sexed,2
sexin,1
sext,1
sexual,2
sexually,1
sexy,12
seychelles,1
sg,1
sh,4
sha,3
shack,1
shackled,1
shade,18
shadow,16
shadowed,1
shady,9
shadys,1
shaft,1
shake,29
shaki,1
shakin,7
shaking,2
shakira,1
shaky,1
shall,4
shallow,5
shame,18
shamone,2
shane,1
shanei,1
shank,1
shape,13
shaped,2
shapеs,1
shaq,1
share,18
shared,3
sharin,3
sharing,3
shark,6
sharp,2
sharpen,1
sharpened,1
sharpshootin,1
shattered,3
shattеred,1
shaved,2
shaven,1
shawn,1
shawty,30
sheck,1
shed,6
sheddin,1
sheep,1
sheepskin,2
sheesh,7
sheet,11
shego,1
shelf,9
shell,8
shelltops,2
shelly,1
shelter,2
shenseea,1
sheriff,1
shey,1
shh,6
shi,1
shield,3
shiesty,1
shift,11
shiftin,2
shifting,1
shifty,2
shimmer,1
shimmy,1
shine,29
shinigami,1
shinin,7
shining,16
shiny,3
ship,5
shirt,26
shit,224
shite,1
shitted,2
shitty,7
shiver,5
shizzle,1
shloob,1
shmoney,1
shock,7
shocked,1
shockin,2
shoe,26
shoo,1
shook,6
shoorah,2
shoot,41
shooter,16
shootin,9
shooting,3
shootout,1
shop,8
shoppin,5
shopping,3
shore,7
shoreditch,1
short,13
shortage,1
shortcut,1
shorter,3
shortest,2
shorties,2
shorty,19
shot,62
shotgun,1
shotta,1
shottas,1
shotting,1
shotty,1
shoulda,16
shoulder,28
shouldered,2
shout,13
shouted,1
shoutout,4
shovel,3
shovelin,2
shovin,1
show,118
showcasin,1
showed,19
shower,16
showerhead,1
showin,11
showing,4
shown,1
showtime,2
shred,3
shrine,2
shrink,1
shrinkin,1
shrug,1
shumpert,1
shut,24
shuts,1
shwabble,1
shy,17
shying,1
shе,4
si,10
siberia,1
sick,31
sickenin,1
sickly,1
sickness,2
sicko,1
side,81
sidekick,1
sideline,4
sidewalk,2
sideways,3
sidin,1
sidе,2
sie,2
siempre,2
siento,1
sierra,2
sifter,1
sigh,1
sight,19
sign,47
signal,5
signature,1
signed,9
signin,3
silence,23
silent,12
silently,2
silhouette,3
silk,6
silky,1
silly,3
silver,13
silverado,1
silеnce,1
simmer,1
simon,2
simp,1
simpin,2
simple,11
simpler,1
simplest,2
simply,5
simulation,2
sin,17
sinatra,2
since,85
sincerely,1
sine,1
sing,43
singin,21
singing,24
single,32
sings,1
sink,11
sinking,2
sinner,6
sinnin,2
sip,15
sippin,22
sipping,2
sir,4
siren,4
siri,2
sirius,1
sissy,1
sister,17
sit,43
sits,1
sittin,21
sitting,8
situation,10
six,44
sixer,1
sixteen,6
sixth,1
sixty,13
size,8
sized,2
sizzling,1
skate,2
skateboard,1
skatin,1
skating,1
skeet,1
skeleton,2
skelter,1
skeptic,1
ski,10
skill,2
skin,34
skincare,1
skinned,2
skinny,2
skip,6
skipped,3
skipping,1
skirt,6
skittle,2
skrr,3
skrrt,36
skull,1
skunk,1
sky,54
sl,1
slam,1
slan,1
slangin,1
slap,4
slapped,1
slapper,2
slate,2
slatt,7
slatts,2
slaughter,5
slave,4
slayed,1
sled,3
sleep,62
sleeper,2
sleepin,11
sleeping,7
sleepless,2
sleet,2
sleeve,9
sleigh,13
slept,7
slice,2
slick,6
slid,5
slide,25
slidin,8
slidе,1
slim,6
slimalini,2
slime,7
slimed,1
slimy,2
slip,8
slipped,3
slipper,1
slippery,1
slippin,6
slizzle,1
slogan,1
slop,1
slope,1
sloppy,1
slot,1
slow,36
slower,1
slowing,2
slowly,11
slows,2
slum,1
slumber,1
slumping,2
slur,1
slurp,2
slurpee,1
slurpin,1
slut,2
smack,2
smackdown,1
smacked,1
smackin,1
small,15
smaller,1
smart,7
smarter,5
smash,5
smashin,2
smell,20
smelling,2
smile,46
smiled,1
smilin,6
smiling,8
smirk,3
smith,6
smoke,41
smoked,4
smoker,2
smokin,22
smoking,2
smokе,1
smooth,8
smoothie,1
smothering,1
smurk,1
smеll,1
snack,4
snake,10
snap,4
snapchat,3
snappin,4
snatch,3
snatcher,1
snatchin,1
sneak,9
sneaker,5
sneakin,3
sneaky,2
sneeze,1
snipe,1
sniper,2
snipin,1
snitch,3
snitchin,5
snoop,2
snoopy,1
snooze,1
snoozin,1
snow,41
snowflake,2
snowin,1
snowman,6
snowy,1
snuck,2
snuggled,1
soak,2
soaked,1
soakin,1
soaking,2
soap,3
sobbin,1
sober,6
soccer,3
social,7
socially,1
society,2
sociopath,2
sock,5
soda,3
sodom,2
sofa,3
sofia,1
soft,9
softer,1
softly,4
soggy,1
soho,2
soil,4
soilers,2
solamente,1
solar,3
sold,16
soldier,5
solely,1
solid,6
solida,1
solo,8
solution,2
solve,5
sombre,2
somebody,66
someday,17
somehow,25
someone,81
someonе,1
somethin,67
something,99
sometime,3
sometimes,56
somewhere,26
somewherе,1
somе,5
somеthing,3
somеtimes,1
son,36
song,95
sonic,4
sono,1
sony,1
soo,4
soon,49
sooner,6
soowoo,2
sore,4
sorries,1
sorrow,6
sorry,60
sort,4
sorta,2
sosa,1
sou,1
soul,55
soulmate,4
sound,52
sounded,2
soundin,2
sounding,2
sour,4
source,1
sourdough,1
south,7
southeast,1
southern,3
southside,3
souvenir,3
sow,1
soy,3
space,33
spaced,2
spacе,1
spaghetti,4
spain,1
spanglish,2
spanish,1
spank,5
spare,7
spark,4
sparkin,1
sparkle,1
sparklin,2
sparkling,1
spatula,1
spazzin,1
spazzing,1
speak,29
speaker,1
speakin,9
speaking,5
speaks,1
spear,2
special,13
specially,1
specific,1
specimen,1
spect,1
speculation,1
speech,5
speechless,1
speed,16
speedin,2
spell,11
spellin,1
spelling,1
spend,43
spendin,10
spending,6
spends,1
spent,26
spider,4
spill,2
spilled,1
spillin,5
spin,19
spine,5
spinini,1
spinnin,14
spinning,6
spiral,1
spiralin,1
spirit,15
spiritual,1
spit,20
spite,1
spitter,1
spittin,3
spitting,2
splash,1
splashed,2
splashin,1
splattered,2
splendid,1
spliff,1
splinter,3
splisher,1
split,9
splitter,1
splitting,1
splurgin,2
spoil,6
spoiled,3
spoiler,1
spoke,8
spoken,1
sponsor,2
spoon,2
sporadic,1
sport,8
sportscenter,1
spot,30
spotlight,6
spray,6
spread,6
spreading,1
spree,2
spring,3
sprinkle,1
sprint,1
sprite,1
sprung,1
spun,1
spur,1
spurt,1
spy,3
squad,9
squalor,1
square,8
squarespace,1
squash,3
squashin,1
squeakin,2
squeaky,5
squeeze,8
squid,2
squirt,3
squirtin,2
sr,2
sriracha,1
ssh,1
st,2
sta,1
stab,3
stabbed,2
stable,2
stacey,1
stack,19
stacked,4
stackin,3
stadium,1
staff,2
stage,10
stain,6
stainer,1
stainin,1
stainless,5
stair,6
staircase,3
stairwell,1
stake,4
stakin,1
stale,2
stalker,3
stalkin,1
stalled,1
stalling,2
stallion,1
stamped,3
stan,1
stance,1
stand,52
standard,5
standin,9
standing,24
standout,1
stank,1
stankin,1
stanning,2
star,84
starboy,1
starbucks,2
stare,18
stared,1
starin,14
staring,11
starlight,5
starring,2
start,91
started,52
starter,2
startin,12
starting,8
starve,2
starved,2
starvin,1
starving,1
stash,2
state,18
statement,1
static,11
station,2
stationed,1
statistic,2
stats,1
status,5
stay,158
stayed,11
stayin,11
staying,3
stead,1
steadily,1
steady,10
steak,5
steal,7
stealin,1
stealing,1
steamer,1
steel,4
steelo,1
steepest,1
steer,1
steering,1
stem,1
stench,2
stencil,4
step,37
steph,1
stephen,3
steppa,2
steppas,1
stepped,5
stepper,8
steppin,12
stepping,1
stereo,2
stereotypical,1
stevie,4
stew,2
stick,46
sticker,2
stickin,8
sticking,1
sticky,6
stife,1
stiff,1
stiletto,1
still,217
stimulated,1
sting,2
stingy,1
stinkies,1
stitch,1
stix,1
stock,4
stockholm,1
stocking,5
stockton,1
stogie,1
stole,5
stolen,6
stomach,12
stomp,1
stomped,1
stompin,1
stomping,1
stone,24
stoned,2
stood,12
stooge,1
stoop,1
stop,112
stoplight,1
stopped,14
stoppin,6
stopping,4
store,17
storm,22
stormy,1
story,40
storyline,1
stout,1
stove,2
straight,64
straighten,4
straightenin,2
stranded,3
strange,13
stranger,14
strangest,2
strangе,1
strangеrs,1
strap,11
strapped,1
strappin,3
strategy,2
stratosphere,1
stratus,1
straw,7
strawberry,8
stray,3
streak,1
stream,5
streaming,2
street,79
streetlight,2
strength,4
stress,8
stressed,4
stressful,1
stressin,4
stretch,8
stretched,2
stretchin,1
stretching,1
stride,1
strife,1
strike,9
string,6
strip,7
stripe,4
stripper,6
strobe,1
stroke,3
stroker,1
strokin,2
stroll,1
strong,20
stronger,9
strongest,1
struck,2
structure,2
struggle,7
struggled,1
strugglin,3
struggling,1
strum,2
strung,2
strut,2
stubborn,2
stubbornly,1
stubby,1
stuck,38
student,1
studio,5
study,1
stuff,15
stuffin,1
stumbled,2
stumblin,1
stumbling,2
stummy,1
stunner,4
stunnin,1
stunt,2
stuntin,5
stuntman,1
stupid,16
stupidity,1
sturdy,3
stutter,3
stuttering,1
style,18
stylish,1
styrofoam,2
su,2
subbin,1
subele,1
subject,3
sublime,1
subliminal,1
subliminally,1
subpoena,2
subside,1
substance,2
subtle,1
subtly,1
subtract,2
suburb,2
suburban,1
suburbans,3
suburbia,2
succeed,1
succeedin,1
success,3
succubus,1
sucias,2
suck,17
sucked,3
sucker,5
suckin,9
sudden,4
suddenly,8
sue,4
sued,1
suffer,2
sufferin,2
sufficed,1
sugar,16
sugarboo,2
sugarcoat,2
suggest,1
suggestion,1
suh,2
suicidal,3
suicide,6
suit,12
suitcase,1
suite,1
suki,1
sulk,1
sulkin,1
sulking,1
sum,1
summat,1
summer,44
summertime,4
summit,1
summon,2
summoned,1
summеr,1
sun,49
sunburnt,2
sundae,1
sunday,11
sundress,2
sung,3
sunlight,10
sunny,3
sunri,3
sunrise,7
sunseekers,2
sunset,3
sunshine,8
super,5
superfood,2
superhero,1
superhuman,2
superior,1
superman,2
supermodel,1
supernatural,2
superpower,1
superstar,10
supply,1
support,6
supporter,2
supportin,2
suppose,2
supposed,14
supposedly,2
suppress,1
supreme,2
supеrstars,1
sure,67
surely,2
surf,1
surface,12
surfin,1
surge,4
surgeon,1
surgery,2
surprise,12
surprised,4
surreal,3
surrender,1
surrogate,2
surround,3
surrounded,4
surroundin,3
survival,3
survive,10
survived,4
survivin,1
survivor,1
surе,1
sus,1
suspenseful,1
suspicious,2
suttin,1
sutton,1
suu,1
suv,1
sv,1
svr,1
swag,5
swallow,7
swallowed,1
swam,1
swamped,1
swangin,2
swanging,2
swap,3
swarmin,1
swat,1
sway,4
swaying,2
swayze,2
swear,63
swearin,2
swearing,1
sweat,12
sweater,9
sweatin,5
sweating,1
sweaty,1
sweep,7
sweeper,1
sweet,44
sweeter,6
sweetest,5
sweetheart,1
sweetie,1
swell,3
swept,2
swerve,2
swervin,8
swervе,1
swift,1
swiftly,1
swim,10
swimmin,12
swimming,4
swimwear,1
swindled,1
swing,13
swingin,1
swinging,2
swipe,4
swirlin,1
swish,2
swishahouse,1
switch,27
switched,7
switchin,5
switzerland,2
swivеl,1
swole,1
sword,3
swore,9
swung,2
swеrvin,1
symbol,2
sympathy,7
symptom,2
sync,1
synced,1
synco,2
syndrome,1
syrup,4
system,4
sеasonin,2
sеcond,2
sеlling,1
ta,6
table,18
taboo,1
taco,2
tactical,1
tae,1
taffy,1
tag,4
tahj,3
tahoes,1
tail,4
tain,1
tainted,2
takahashi,1
take,304
taken,5
takeoff,6
taker,1
takin,34
taking,28
takе,1
tale,4
talent,2
taliban,1
talk,134
talked,12
talkin,81
talking,37
tall,9
taller,3
tame,7
tan,5
tang,3
tangerine,1
tangled,7
tank,4
tanned,1
tanta,1
tantrum,3
tao,1
tap,2
tape,4
tapestry,1
tapin,1
tapped,4
tappin,1
tarantula,1
target,3
tarmac,1
tart,1
tase,1
task,1
tasmanian,2
taste,42
tasted,2
tastin,1
tasting,2
tasty,1
tat,7
tatted,11
tattoo,9
tatts,1
tattеd,2
taught,14
taurus,1
tax,3
taxi,1
taxin,1
tay,4
taylor,2
taz,1
td,1
te,10
tea,11
teach,17
teacher,3
teaching,2
team,27
teaming,2
tear,46
teardrop,3
tearin,2
tearing,1
teary,3
tease,3
teased,1
teasing,1
tec,7
tecate,1
tecca,3
tech,2
techno,1
tecovas,1
tectonic,2
ted,1
teddy,2
tee,9
teed,1
teen,1
teenage,1
teenager,1
teener,1
teeterin,1
teetering,1
teeth,10
teflon,1
teh,1
tek,1
tekashi,2
telecaster,1
telekinetic,2
telepatia,1
telephone,1
teletubbies,2
television,4
tell,291
teller,1
tellin,18
telling,22
telly,3
temi,1
temper,3
temperature,3
temple,2
tempo,3
temporary,1
tempt,2
temptation,7
ten,61
tend,9
tender,2
tends,1
tenet,2
tenfold,1
tengo,2
tennessee,5
tennis,3
tenochtitlan,1
tense,1
tension,3
tent,1
tenth,1
tepoztlan,1
tequila,3
term,2
terminate,2
terminator,2
termines,2
terremoto,2
terrible,2
terribly,1
terrific,1
terrified,2
terrifying,3
terror,3
terrorist,2
terrorize,2
tesla,9
tessie,2
test,8
testament,2
teste,2
testify,1
testin,3
testing,1
testеd,1
tetri,1
texaco,1
texas,7
text,35
textile,1
textin,12
texting,1
texture,1
tf,1
th,3
thang,4
thangs,1
thank,26
thankful,4
thankfully,1
thankin,2
thanking,1
thanks,5
thano,1
thaw,2
thawing,1
thee,2
thelonious,2
theory,2
therapeutic,1
therapist,3
therapy,4
therefore,5
thesis,1
theskoal,2
thesе,3
thick,9
thicker,1
thickness,1
thief,3
thigh,8
thin,3
thing,249
think,256
thinked,1
thinkin,57
thinking,25
third,12
thirst,2
thirsty,2
thirteen,3
thirty,31
tho,1
thong,2
thorn,1
thorny,2
thorough,1
thosе,1
thot,9
thots,3
thottie,2
thotty,1
thou,6
though,60
thought,144
thousand,36
thousandth,1
thread,2
threat,4
threatened,1
three,77
threesome,3
threw,16
thrift,2
thrifty,1
thrill,5
thriller,3
thrilling,1
thrive,1
thrivin,1
throat,13
throbbin,1
throne,8
throw,65
throwback,2
thrower,1
throwin,13
throwing,6
thrеw,1
thug,7
thugger,2
thuggin,4
thumb,3
thumbin,4
thump,1
thumper,1
thumpety,1
thunder,7
thundercloud,1
thursday,3
thе,36
thеm,1
thеn,3
thеre,3
thеse,2
thеy,7
ti,2
tick,4
ticket,5
tickin,1
ticking,1
tickle,2
tidal,1
tide,5
tidy,1
tie,13
tied,6
tiempo,1
tiene,1
tienen,1
tier,2
tiffany,6
tiger,1
tight,33
tighter,1
tightrope,1
tights,1
tigres,1
tiktok,1
til,125
till,11
tim,1
timberland,2
time,378
timeless,3
timin,1
timing,5
timothy,1
timtim,2
timе,4
tin,1
tina,2
tinder,1
tinfoil,1
ting,8
tingle,1
tint,3
tinted,8
tiny,4
tip,14
tipped,2
tippin,1
tippity,1
tippy,5
tipsy,3
tiptoe,1
tirame,1
tirando,1
tire,3
tired,43
tisk,1
tissue,1
tit,2
titanic,1
title,1
titty,4
tity,1
tized,1
tjay,1
tlc,1
tnt,3
toast,8
toasting,1
toboggan,1
tocando,1
tockin,1
today,36
todayski,1
todo,6
toe,25
toed,1
together,64
togethеr,2
toilet,3
toke,1
tokio,1
tokyo,1
told,142
tolerate,1
tolerating,1
tom,4
tomando,1
tomb,2
tomboy,1
tombstone,3
tommy,2
tomorrow,20
ton,3
tone,11
tongue,21
tonguin,1
tonight,87
tonightembed,3
tonsil,1
tony,1
toodle,1
took,119
tool,5
toolie,3
toosie,1
toosii,1
toot,2
tooth,6
toothbrush,4
tootle,1
tootsie,1
top,105
topanga,1
topic,6
topping,1
topplin,1
torch,5
tore,5
torn,3
toronto,1
toros,1
tortoise,2
torture,6
tory,2
toss,2
tossing,1
tot,1
total,3
totally,1
tote,7
totem,1
totin,1
toting,1
totori,2
touch,78
touchable,1
touchdown,3
touched,12
touchin,4
touching,4
touchoftrent,1
tough,13
tougher,1
toughest,1
toupee,1
tour,6
tourin,1
tourist,1
toute,2
tov,1
tow,1
toward,2
towards,2
towel,4
tower,5
towerin,1
towhead,1
town,47
townembed,1
toxic,9
toxin,1
toy,10
tra,1
trace,4
tracin,1
tracing,2
track,37
tracker,1
trackhawk,1
tracksuit,1
traction,1
trade,7
tradin,3
traffic,11
traficante,1
tragedy,4
tragic,4
traigo,1
trail,3
trailblazed,1
trailer,4
train,13
trained,1
trainin,1
training,2
trait,3
traitor,1
transcendental,1
transformation,1
translation,3
transmission,1
transportation,1
trap,24
traphouse,1
trapped,6
trapper,2
trappin,9
trapping,1
trappy,1
trapstar,1
trash,4
trauma,2
traumatic,1
traumatized,6
trav,1
travel,5
traveled,2
travelin,1
travelled,1
travie,1
travis,2
treacherous,1
tread,1
treasure,1
treasured,1
treat,36
treated,5
treatment,1
tree,30
treehouse,1
treesha,2
trek,1
tremble,1
tremendo,2
trench,22
trend,5
trending,2
tres,4
trevor,1
trez,1
trial,6
tribulation,2
trice,1
trick,9
trickery,1
tricking,2
tried,60
triflin,2
trigger,5
triggerin,1
trill,1
trillion,1
trim,2
trimester,1
trina,2
trip,24
triple,6
tripled,1
tripper,1
trippie,6
trippin,21
tripping,3
trod,1
trojan,2
trol,2
trooper,1
tropez,1
trophy,7
tropical,1
trot,3
trottin,1
trouble,23
troubled,4
troublesome,2
truce,1
truck,15
trucker,1
true,54
truer,1
truffle,1
truly,8
trumpet,1
trunk,5
trust,67
trusted,1
trustin,2
truth,45
truthfully,1
truе,2
try,119
tryin,32
trying,36
tryna,148
tsk,2
tss,1
tsu,1
tsunami,4
tu,6
tuck,5
tucked,7
tucker,1
tucson,1
tuesday,5
tug,1
tuition,1
tulum,1
tum,1
tumble,1
tumblin,1
tummy,4
tun,1
tuna,1
tune,9
tunechi,4
tuned,4
tunnel,1
turbo,1
turbulence,2
turbulent,1
turf,1
turk,4
turkey,1
turn,101
turned,45
turnin,11
turning,6
turnt,4
turntable,1
turquoise,2
tusslin,2
tutu,2
tuviera,1
tuxedo,1
tv,18
tweak,1
tweakin,3
tweedledee,2
tween,2
tweet,1
tweetin,2
twelve,7
twenty,45
twerkin,4
twice,17
twilight,2
twin,13
twinkly,1
twinnin,1
twist,4
twisted,3
twitter,1
two,150
tyler,6
type,48
typical,2
typin,3
typе,1
tеa,1
tеddy,1
tеll,1
tеllin,2
tеst,1
uav,1
uber,5
uberx,1
uchis,2
ufc,3
ugh,5
ugly,13
uh,193
uhh,1
ule,2
ultimate,1
ultra,1
ultralight,1
um,8
umbrella,5
umm,1
ummm,1
un,6
una,2
unable,1
unaffected,2
unafraid,1
unagi,1
unappreciated,1
unattach,2
unattached,1
unavailable,2
unavoidable,1
unbearable,2
unbeatable,1
unbelievable,2
unbreak,1
unbreakable,1
unburn,1
unchain,1
uncivil,1
uncle,19
unclе,1
unconditional,1
undebatable,1
undeniable,2
undercover,7
undercovers,3
underestimate,2
underground,3
underneath,16
understand,42
understandin,2
understanding,1
understands,1
understood,2
understudy,1
undertaker,2
underwater,1
undisclosed,1
undo,1
undone,3
undress,1
undressed,1
unevadable,1
unexpected,3
unfadable,1
unfastened,1
unfazed,1
unfeasible,1
unfollowed,1
unforgiveness,1
unfortunately,1
unglued,1
unhappy,3
unheard,2
unhinged,2
unica,1
uninvited,1
union,3
unique,2
united,1
universal,1
universe,8
unknown,3
unleaded,1
unlearn,1
unless,14
unlike,2
unlocked,1
unmatched,1
unnoticed,2
uno,2
unopened,1
unpack,1
unprotected,1
unquenchable,1
unravel,1
unread,1
unreal,2
unrealistic,1
unrelentlessly,1
unremarkable,2
unresolved,3
unrolls,1
unsafe,1
unsay,1
unsee,1
unseen,1
unsolved,1
unstable,1
unstuck,1
unsubmissive,1
unsure,1
untied,2
untouchable,1
untrack,1
unwind,1
unzip,2
unzipped,2
updated,2
upgrade,4
upgraded,1
upon,13
upper,4
uppin,4
ups,3
upset,8
upside,2
upstairs,4
upstanding,1
upstate,2
uptown,2
urge,1
urgency,1
urgent,1
urkel,1
urus,2
usain,1
usb,1
use,22
used,98
useless,2
user,1
usher,3
ushered,1
usin,4
using,2
usse,2
usual,3
usually,12
utah,2
utility,1
uwu,2
uzi,6
va,1
vacancy,1
vacant,5
vacants,2
vacate,1
vacation,3
vacay,1
vaccine,3
vacia,1
vacuum,1
vai,1
vaillant,2
vain,2
valentine,3
valentino,2
valet,2
validation,3
valium,1
valley,4
valuable,2
valuation,1
value,6
vamo,1
vamp,3
vampire,1
van,3
vandalize,1
vanilla,3
vanish,1
vanished,2
vaping,1
vapor,1
vayas,1
vd,1
vega,6
vegan,7
vehicle,1
vein,4
veivei,1
ven,1
vendetta,1
vending,2
veneer,2
vengeance,1
vengo,1
venom,3
vent,2
ventilate,2
venture,1
venue,1
venus,1
ver,3
vercetti,1
verdansk,1
vernacular,1
versace,5
verse,17
version,2
versus,2
versuz,2
vert,4
verte,1
vespa,4
vest,5
vet,9
veteran,1
vette,5
vevo,1
vi,1
viagra,1
vial,1
vibe,28
vibin,2
vibration,3
vibrator,1
vibе,1
vic,1
vice,3
vicinity,1
vicious,4
vicodin,2
victim,10
victoria,2
victory,2
vida,3
vide,2
video,4
vie,2
view,17
vigilant,1
vill,1
villa,2
village,1
villain,6
ville,8
vince,1
vincenzo,1
vine,2
vintage,1
vinyl,1
viola,2
violence,5
violent,2
violin,1
violеnce,1
vip,2
viral,5
virgil,4
virgin,1
visa,3
vision,14
visionary,1
visit,6
visited,1
visiting,2
visitor,2
vital,1
vitamin,2
vitiligo,1
vito,1
viv,2
viva,1
vivid,4
vividly,1
vivir,1
vixen,1
vo,1
vocal,5
vodka,3
voice,40
void,3
volaria,1
volt,1
volume,1
volunteer,2
volverme,1
volviste,1
vomit,2
von,1
voo,1
voodoo,1
votan,2
vote,1
votin,1
vow,3
voy,2
vroom,4
vu,2
vuitton,1
vv,2
vvs,7
vyoom,2
vе,5
wa,2
wabble,1
wack,2
wacked,1
wad,1
waded,1
wadn,2
wage,3
wagen,1
wagon,2
wah,2
waist,9
waisted,1
waistline,1
wait,82
waited,3
waitin,32
waiting,31
waitress,1
wakanda,2
wake,46
wakin,8
waking,4
walgreens,1
walidik,2
walk,94
walked,24
walker,1
walkin,33
walking,13
walkman,2
wall,41
wallet,6
wally,1
waltz,1
wan,11
wand,2
wandered,2
wandering,1
wanna,326
want,293
wanted,57
wantin,2
wanting,4
wap,4
war,23
ward,1
warden,1
warm,17
warn,1
warned,3
warnin,2
warning,3
warzone,1
wasabi,1
wash,12
washed,1
washin,2
washing,2
waste,19
wasted,10
wasteland,1
wastin,3
wasting,1
watanabe,2
watch,92
watched,9
watcher,1
watchin,34
watching,14
water,50
watered,1
waterfall,2
watermelon,2
wave,27
waved,1
wavering,1
wavin,4
wavy,4
wavе,2
way,359
wayans,1
wayne,4
wayside,1
weak,16
weaker,1
weakness,1
wealth,6
wealthy,2
wean,1
weapon,7
wear,30
wearin,8
wearing,7
weary,2
weather,15
weathered,1
weave,2
web,1
webcam,1
weddek,2
weddin,1
wedding,5
wednesday,6
wee,2
weed,13
week,43
weekend,11
weep,7
weezy,3
weh,2
weigh,1
weighin,3
weighs,1
weight,11
weird,3
weirdo,6
weiwei,1
welcome,11
well,105
wellerman,1
wembley,1
wendy,3
went,67
werеn,1
wesson,3
west,8
westbrook,1
western,1
westside,1
wet,20
wetter,2
wetty,1
wettys,1
wey,2
whack,1
whale,1
wharton,1
whatcha,2
whatchamacallit,1
whatever,43
wheel,15
wheelie,1
wheelies,1
wheelin,1
wheeze,1
wheezy,3
whenever,18
whereabouts,2
wherever,11
wherevеr,1
whether,9
whine,1
whinin,1
whip,39
whipped,2
whippin,4
whipping,1
whiskey,7
whisper,9
whispered,3
whispering,2
whistlin,1
white,57
whiteembed,1
whitney,3
whoa,12
whoever,7
whole,74
whoo,1
whoop,2
whoopin,1
whore,1
whose,2
whosoever,1
whеn,8
whеre,1
wi,2
wick,1
wicked,1
wid,2
wide,20
widen,1
widow,1
wife,13
wifey,5
wig,8
wigglin,1
wild,22
wildest,4
wildflower,2
wildin,6
wilding,1
wildness,3
willin,3
willing,1
willis,1
willow,1
willy,1
wilt,1
win,26
wind,30
windmill,1
window,33
windshield,1
wine,22
wineglass,1
wing,16
winged,1
wink,3
winner,1
winnin,11
winning,3
winter,13
wintertime,1
wintery,1
wipe,8
wipin,1
wire,3
wired,1
wisdom,4
wise,5
wisely,1
wiser,2
wish,84
wished,1
wishin,8
wishing,10
wishеs,1
wit,9
withdrawal,1
within,7
without,89
withstand,2
witness,7
witnessed,4
wizzle,1
wizzy,1
wo,1
woa,2
woah,114
wock,2
woh,1
woke,18
wokhardt,1
wolf,9
wom,1
woman,32
womb,2
wombolobo,1
wonder,49
wondered,1
wonderful,5
wonderin,9
wondering,6
wonderland,2
wonderlandembed,1
wondermaid,1
wonderstruck,1
wondеr,1
woo,97
wood,13
wooden,1
woofin,1
woop,1
woos,3
wooski,1
woozy,1
wop,1
word,91
wore,7
work,58
worked,8
worker,1
workin,20
working,7
workout,1
world,113
worldwide,1
worn,1
worried,11
worry,30
worryin,1
worrying,1
worse,14
worsens,1
worship,4
worshipped,1
worst,22
worth,39
worthless,2
worthwhile,3
worthy,1
would,177
woulda,3
wound,8
wow,15
wozniak,1
wraith,8
wrap,7
wrapped,5
wreaking,2
wreck,12
wrecked,4
wreckin,4
wrestle,1
wrestler,1
wrestlin,1
wrestling,1
wretched,1
wri,2
wrigley,1
wrinkled,2
wrist,40
write,25
writer,2
writin,5
writing,4
written,3
writtens,1
writtеn,1
writе,2
wrong,95
wrote,23
wu,3
wuh,1
wunna,3
wynn,1
wе,6
wеt,1
xam,1
xan,3
xanax,1
xannies,2
xanny,1
xans,2
xo,1
ya,92
yacht,9
yacub,1
yadada,1
yah,5
yahweh,1
yak,2
yakub,1
yale,2
yampi,1
yap,3
yard,3
yati,2
yawnin,2
yay,3
yc,1
yday,1
ydd,2
ydoolb,1
ye,6
yea,2
yeah,508
yeahembed,1
yeahh,1
year,87
yearembed,3
yearn,1
yearned,1
yearning,1
yee,2
yeezus,1
yeezy,4
yell,4
yelled,1
yellin,3
yelling,1
yellow,7
yen,1
yene,1
yep,1
yes,39
yeshiva,1
yessir,6
yesterday,10
yet,29
ygs,1
yikes,2
yikky,1
yippee,1
ym,1
ymcmb,1
yo,41
yolk,1
yolo,2
yonder,1
yonkers,1
yoo,1
yore,1
york,16
youembed,3
young,72
youngblood,1
younger,6
youngest,4
youngin,3
youngster,2
youth,4
youtube,2
yow,1
ysl,2
yuh,14
yuletide,2
yummy,2
yungen,1
yup,4
yеah,10
yеt,1
zanotti,1
zapped,3
zara,1
zario,2
zaytoven,1
zaza,1
zero,5
zimmerman,2
zine,2
zip,1
zipped,1
zippin,1
zirconies,1
zoe,1
zomb,1
zombie,4
zombiе,1
zone,9
zoo,2
zoom,4
zoomed,1
zoov,1
zucchini,3
zuckerberg,1
еach,1
еdition,1
еh,1
еm,2
еmpty,1
еnough,2
еnvelope,1
еugh,1
еven,1
еxpect,1
가는,1
각을,1
갇혀,1
갈증을,1
감사해,1
감정은,1
같은,1
거면,1
거야,2
거쳐,1
거침없이,1
것도,2
것처럼,1
결국엔,2
고민할수록,1
과목은,1
그게,1
그냥,1
그동안,1
그때,1
그때쯤에,1
그래,2
그래봤자,1
그렇게,1
그림자,2
그저,1
극단적인,1
기다릴게,1
기억해,1
기적,1
길어진,2
깨닫고,1
깨우면,1
꼴좋으니까,1
꿈이란,2
끝내야,1
끝맺음에,1
끝이나네,1
끝자락,1
나날,1
나를,3
나만,1
나사,1
나에,1
나였음에,1
나의,2
날개,1
날아가,2
날아다녀도,1
내겐,2
너는,3
너란,2
너를,2
너무,2
너에게,1
너에겐,1
너와,2
너의,1
너희,1
네게,2
놀라운,1
높이,2
놓아진,2
누구와도,1
눈에,1
눈을,1
다른,3
다시,1
다음,1
단위로,1
답을,1
답이,1
당근이,1
당기는,1
당당해,1
대로,1
대해,1
돌진해,1
동반해,1
뒷모습만,1
들여다보면,1
들이켜,1
듯이,1
따라,2
딱하지만,1
또한,1
뚫고,1
띠며,1
마음이,1
마찬가지,1
만나,2
만들어,2
많아,1
많이,1
말했잖아,1
맘은,1
맘이,1
매일,3
머리,1
머리를,1
머릿속만,1
멋지네,1
모습이,1
몫을,1
몰라,1
못해,1
무너졌어,1
무슨,1
문제,1
문제야,1
뭐야,1
미소를,1
미친,1
미친놈처럼,1
미친듯한,1
믿기지,1
밀고,1
바뀌어대는,1
바닥을,1
바람에,1
바보,1
받들어,1
밝게만,2
밝혀주는,2
밟히지나,1
밤을,2
방아쇠를,1
백날,1
번쩍번쩍,1
벌음,1
별이자,2
보단,1
보란,1
보며,1
보여줘도,1
봐도,1
분홍빛이나,1
불도저,1
불어온,1
비교,1
비운채,1
비웃어라,1
빛나줘,2
빠삭한,1
빠진,1
빨러,1
뻗어봐도,1
삐끗,1
사랑,1
사랑으로,2
사랑은,1
사랑을,1
사랑의,1
사랑이었음을,1
사랑하자,1
새까만,1
새하얀,1
생각이,1
서있는,1
서툰데,1
설레었던,1
세게,1
세상에게,1
세상을,3
소용,1
속도,1
속에,1
속에서,2
손목에,1
손을,3
수놓을,2
순간,1
슈가,1
스타일은,1
시간에,1
시끄런,1
시련도,2
시킨,1
식이면,1
실컷,1
싱그럽다가도,1
싸매고,1
싸우기도,1
아는,2
아니,1
아니고,1
아닌,1
아인슈타인도,1
않는,1
알려,1
알아냈어,1
알아보다,1
알잖아,1
앞에,1
앞에서,1
어두운,1
어두워질,1
어둠이,2
어떻게,1
어서,2
어쩌라구,1
어쩔,2
언제까지나,2
언젠가,1
얼음,1
없어,1
없잖아,1
여기까지,1
연구해,1
연구해봤자,1
오는,1
왕관,1
외로움을,1
외롭게,1
우리는,2
우주니까,2
우주의,2
울기도,1
웃기도,1
웃으며,2
원한다면,1
원해,2
이곳에,1
이런,1
이렇게,1
이론,1
이론이,1
이름에다,1
이름은,1
이름을,1
이제,1
잃은,1
입맞춰,1
있던,1
있어,1
있음에도,1
잊은,2
자꾸,1
잠시니까,2
잡겠다고,1
잡아,2
재미있는,1
저들은,1
제발,1
조명이,1
주는,2
중에,1
지금,3
지금처럼,2
지나가버린,1
지름,1
지하까지,1
차갑네,1
채로,1
채찍,1
처럼,1
첫눈같이,1
추락했던,1
충분히,1
캄캄한,1
케미,1
태국에서,1
태울래,1
파란색,1
편했었지,2
풀어낼걸,1
핑크빛,1
하나,2
하나만,1
하는지,1
하늘,1
하얗게,1
한국,1
한여름,1
한여름밤,1
함께,3
항상,1
해소할,1
햇빛,1
했어,1
했지,1
혹시,1
흔들어,1
